,Ad Name,Prices,Location,Ad Date
0,2016 FIAT EGEA 1.6 URBAN FULL PAKET,338.500 TL,"10 Ocak
2023","Gaziantep
Şehitkamil"
1,2019 FİAT EGEA 1.3 MJT 95 HP EASY E 6 --- 89 KM DE---,383.000 TL,"10 Ocak
2023","İstanbul
Sultanbeyli"
2,2019 EGEA 1.6 DİZEL OTOMATİK 80.000 KM EMSALSİZ FİYAT,415.750 TL,"10 Ocak
2023","Ankara
Altındağ"
3,SERVİS BAKIMLI + 25.000 KM + BOYASIZ + FİAT + EGEA + URBAN PLUS,468.000 TL,"10 Ocak
2023","Sakarya
Hendek"
4,OTOMERKEZİN'DEN GARANTİLİ EGEA 1.6 M.JET EASY DCT 1.79 FAİZ ORAN,445.750 TL,"10 Ocak
2023","İstanbul
Maltepe"
5,2019-mod.74.BİND­E-OTOMATİK-EASY PLUS-NADİR BİR ARAÇ.,497.500 TL,"10 Ocak
2023","İstanbul
Beylikdüzü"
6,ÜMİTKÖY ARAÇ KİRALAMA'DAN 2021 FİAT EGEA,399 TL,"10 Ocak
2023","Ankara
Çankaya"
7,2021 MODEL HATASIZ FİAT EGEA,448.750 TL,"10 Ocak
2023","İzmir
Menemen"
8,HATASIZ BOYASIZ 1.3 URBAN PLUS,497.500 TL,"09 Ocak
2023","Denizli
Çivril"
9,2019__MODEL_EGEA_­1.3MULTİJET_EASY,415.000 TL,"09 Ocak
2023","Ankara
Çankaya"
10,AUTO MİZAN'DAN 71.000 KM 2020 1.6 MULTİJET OTOMATİK EGEA,485.000 TL,"09 Ocak
2023","Van
Tuşba"
11,1.89 ORAN %18 KDV İLE EGEA 1.6 DİZEL OTOMOTİK,439.950 TL,"09 Ocak
2023","İstanbul
Zeytinburnu"
12,48 AY KREDİ AVANTAJI İLE 2020 EGEA URBAN PLUS HATASIZ BOYASIZ,473.950 TL,"09 Ocak
2023","İstanbul
Bağcılar"
13,Çnrden kiralık Egealar,397 TL,"09 Ocak
2023","Ankara
Çankaya"
14,SAYGIN AUTO'DAN 2020 EGEA EASY,450.000 TL,"09 Ocak
2023","İstanbul
Beykoz"
15,HATASIZ BOYASIZ SERVİS BAKIMLI,495.500 TL,"09 Ocak
2023","Denizli
Çivril"
16,"%18 KDV AZ PEŞİNATLA KREDİ 2018 FIAT EGEA 1.3 MULTIJET EASY 95HP
Yetkili Bayi",369.950 TL,"09 Ocak
2023","İstanbul
Ataşehir"
17,"%1,54 ORAN İLE AZ PEŞİNATLA KREDİ 2019 FIAT EGEA 1.6 MJET EASY
Yetkili Bayi",439.950 TL,"09 Ocak
2023","İstanbul
Ataşehir"
18,HIZLI KREDİ 2018 EGEA 1.3MJET EASY PLUS HIZ SABİTLEME ÇELİK JANT,359.750 TL,"09 Ocak
2023","İstanbul
Ataşehir"
19,YILMAZ OTOMOTİVDEN 2 ADEET EGEA LPG HATASIZ BOYASIZ,390.000 TL,"09 Ocak
2023","Gaziantep
Nizip"
20,araç urban paketidir,762.000 TL,"08 Ocak
2023","İstanbul
Avcılar"
21,2017 FIAT EGEA 1.6 MULTİJET OTOMATİK KAZASIZ KUSURSUZ,429.500 TL,"07 Ocak
2023","Antalya
Kepez"
22,,,,
23,2022-EGEA-H­B-100.000TL PEŞİN-%1.99 36AY KREDİ-8.000­KM-HATASIZ,494.500 TL,"07 Ocak
2023","İstanbul
Beylikdüzü"
24,Fiat Egea hatasız,415.000 TL,"07 Ocak
2023","Gaziantep
Şehitkamil"
25,"ERMAT2 ÇİĞLİ 2020 EGEA HB 1.6 MJET MIRROR 120 BG
Yetkili Bayi",581.000 TL,"07 Ocak
2023","İzmir
Çiğli"
26,SERVİS BAKIMLI MUAYER MASRAFSIZ 1.3 DİZEL EGEA,385.750 TL,"07 Ocak
2023","İstanbul
Kadıköy"
27,RESCAR FİLO DAN KURUMSAL UZUN DÖNEM KİRALAMA KANPANYALI FİYAT !,9.750 TL,"05 Ocak
2023","İstanbul
Ümraniye"
28,"GALERİ 79 DAN 2017 HATASIZ EGEA 1,3 M JET URBAN 85 BİNDE",415.000 TL,"05 Ocak
2023","Kilis
Merkez"
29,İLK ELDEN 2018 MODEL EGEA ORJİNAL 1.3 MULTİJET ÇOK BAKIMLI,349.999 TL,"05 Ocak
2023","Ankara
Akyurt"
30,HIZLI KREDİ*2018 EGEA EASY 1.6M.JET DCT 120HP *96.722 KM*,449.750 TL,"05 Ocak
2023","İstanbul
Ataşehir"
31,İSKİTLERDEN BOYASIZ 2020 EGEA 1.3 MULTİJET. % 18 KDVLİ,455.500 TL,"04 Ocak
2023","Ankara
Akyurt"
32,TURKARENT 'den EKONOMİK DİZEL KM DÜŞÜK FİAT EGEA,11.000 TL,"04 Ocak
2023","Ankara
Çankaya"
33,ÇNR RENT A CAR 2022 O KM ARAÇLAR İLE HİZMETİNİZDE,399 TL,"04 Ocak
2023","Ankara
Çankaya"
34,2020*BOYASIZ*1.3 MULTİJET URBAN PLUS -*LED PAKET*TABLED EKRAN,493.000 TL,"04 Ocak
2023","Osmaniye
Merkez"
35,HIZLI KREDİ 2021 EGEA EASY EU6D 95 HP 1.3M.JET*26.876KM*,496.250 TL,"03 Ocak
2023","İstanbul
Ataşehir"
36,HIZLI KREDİ*2019 EGEA EASY 1.3M.JET 95HP*83.139 KM*,419.750 TL,"02 Ocak
2023","İstanbul
Ataşehir"
37,"BOYASIZ+2022 FİAT EGEA 1,4 FİRE STREET +9,750 KİLOMETRE DE",482.750 TL,"31 Aralık
2022","Düzce
Merkez"
38,GÜNLÜK 500₺ HAFTALIK 3500₺KAMPANYALI FİYATLARLA,500 TL,"31 Aralık
2022","İstanbul
Beylikdüzü"
39,ÇETAŞ 2.EL PSA MAHMUTBEY'DEN FİAT EGEA CROSS 1.4,569.900 TL,"29 Aralık
2022","İstanbul
Bağcılar"
40,KREDİNİZ BİZDE HAZIR BOYASIZ 2020 FİAT EGEA 1.3 MULTİJET 2 E6D,412.500 TL,"29 Aralık
2022","İstanbul
Kartal"
41,WHITE MOTORS 2017 EGEA 206.000 TL KREDİ İMKANI,354.900 TL,"28 Aralık
2022","İstanbul
Esenyurt"
42,ÇNR DEN KİRALIK DİZEL OTOMATİK EGEALAR,399 TL,"28 Aralık
2022","Ankara
Çankaya"
43,"ARACIM ACİLLL "" SATILIKK """,362.000 TL,"27 Aralık
2022","Ankara
Yenimahalle"
44,ORJİNAL İLK ELDEN 2019 MODEL URBAN PLAS MOTOR YÜRÜR SÜPER MARAFZ,455.750 TL,"27 Aralık
2022","Kayseri
Melikgazi"
45,ÇETAŞ 2.EL PSA MAHMUTBEY'DEN FİAT EGEA 1.6 MULTIJET EASY,622.900 TL,"27 Aralık
2022","İstanbul
Bağcılar"
46,2020 MODEL 52.000 KMDE 1.4 STREET PAKET,425.900 TL,"27 Aralık
2022","Adana
Seyhan"
47,HIZLI KREDİ*2019 EGEA URBAN PLUS 1.3M.JET 95HP 42.136KM*,469.500 TL,"27 Aralık
2022","İstanbul
Ataşehir"
48,HIZLI KREDİ*2020 EGEA EASY 1.3M.JET 95HP*23.169KM*,456.750 TL,"27 Aralık
2022","İstanbul
Ataşehir"
49,*dokay2'den* 2019 EGEA 1.6 MultiJet Easy DCT *DEĞİŞENSİZ!,465.000 TL,"26 Aralık
2022","İzmir
Gaziemir"
50,*dokay2'den* 2019 EGEA 1.6 MultiJet Easy DCT *BOYASIZ!,478.000 TL,"26 Aralık
2022","İzmir
Gaziemir"
51,EFES FİLO'DAN FİAT EGEA DİZEL OTOMATİK,399 TL,"26 Aralık
2022","İstanbul
Beylikdüzü"
52,FIAT EGEA SEDAN LOUNGE 1.5 HYBRID SENETLE SATIŞ VARDIR.,760.000 TL,"24 Aralık
2022","İstanbul
Esenyurt"
53,ARACIMIZ BAKIMLI MASRAFSIZ,410.000 TL,"23 Aralık
2022","Denizli
Pamukkale"
54,2018 MODEL 1.3 DİZEL URBAN FUL+FUL HATASIZ BOYASIZ TRAMERSİZ,477.500 TL,"23 Aralık
2022","Sivas
Zara"
55,KOCAOĞLUNDAN EGEA OTOMATIK,415.000 TL,"21 Aralık
2022","Ankara
Akyurt"
56,BOYASIZ-2019EASY -120HP-1.6DİZEL-­OTOMATİK-SADECE­100BİNde-HATASIZ,477.500 TL,"18 Aralık
2022","Denizli
Sarayköy"
57,2022 FİAT EGEA DİZEL OTOMATİK KİRALIK AYLIK UZUN DÖNEM,500 TL,"17 Aralık
2022","İstanbul
Ümraniye"
58,STATUTE CAR RENTAL'DAN AYLIK & YILLIK KİRALIK OTOMATİK FİAT EGEA,282 TL,"16 Aralık
2022","İstanbul
Ataşehir"
59,PARS MOTORS07'DEN 2021 MODEL 1.4 EASY 24.000 KM HATASIZ BOYASIZ,389.750 TL,"14 Aralık
2022","Antalya
Muratpaşa"
60,BAKIMLI MASRAFSIZ ORJINAL,395.000 TL,"13 Aralık
2022","Denizli
Pamukkale"
61,BİLEN AUTODAN,332.500 TL,"14 Ocak
2023","Batman
Merkez"
62,AS OTOMOTİV 2023 ÇIKIŞLI EGEA URBAN POŞETLERİ ÜZERİNDE HATASIZ,515.000 TL,"14 Ocak
2023","Çanakkale
Biga"
63,TERTEMİZ SIFIR AYARINDA,580.000 TL,"14 Ocak
2023","Tekirdağ
Çerkezköy"
64,MUTLU - 2021 FIAT EGEA 1.3 MULTIJET - EASY- HATASIZ - BOYASIZ,550.000 TL,"14 Ocak
2023","Bursa
Osmangazi"
65,ESL AUTO 2018 FİAT EGEA 1.6 MULTİJET OTOMATİK LOUNGEPLUS HATASIZ,512.500 TL,"14 Ocak
2023","İzmir
Konak"
66,hatasız sorunsuz,430.000 TL,"14 Ocak
2023","Yozgat
Merkez"
67,Sahibinden Fiat Egea Cross,529.000 TL,"14 Ocak
2023","Afyonkarahisar
Çay"
68,Hatasız boyası değişensiz tramersiz cross,552.500 TL,"14 Ocak
2023","Antalya
Kepez"
69,2020 MODEL EGEA 1.6 MULTİJET EASY DCT %18 FATURALI,469.750 TL,"14 Ocak
2023","İstanbul
Bağcılar"
70,2020 SIFIR TADINDA EGEA EASY 1.3 M.JET HATASIZ 51'binKMDE,475.000 TL,"14 Ocak
2023","Denizli
Merkezefendi"
71,BOYASIZ DEĞİŞENSİZ OTOMATİK EGEA,465.000 TL,"14 Ocak
2023","Erzurum
Palandöken"
72,EGEA 2021 1.4 FİRE URBAN+PLUS 22.BİN KM''ÖZEL RENK YENİ TİP,484.900 TL,"14 Ocak
2023","Sakarya
Serdivan"
73,FABRİKADAN ÇIKTIĞI GİBİ HATASIZ BOYASIZ URBAN HB,485.000 TL,"14 Ocak
2023","İzmir
Beydağ"
74,Hatasız CROSS...,553.000 TL,"14 Ocak
2023","Manisa
Salihli"
75,Sahibinden Düşük km Egea 1.4 Fire Urban Sıfır ayarında,395.000 TL,"14 Ocak
2023","Erzurum
Yakutiye"
76,YURT 01 ADANA ARAÇ KİRALAMA,333 TL,"14 Ocak
2023","Adana
Çukurova"
77,2021 FIAT EGEA 1.4 FIRE URBAN PLUS 40.000 KM HATASIZ,525.000 TL,"14 Ocak
2023","Ankara
Akyurt"
78,HATASIZ EGEA...,512.000 TL,"14 Ocak
2023","Manisa
Salihli"
79,2021 MODEL HATASIZ//BOYASIZ EGEA CROSS 1.4 URBAN,533.000 TL,"14 Ocak
2023","Bursa
Osmangazi"
80,ÖĞRETMENDEN SATILIK 2022 EGEA 1.3 MULTİJET,417.000 TL,"14 Ocak
2023","İstanbul
Pendik"
81,2019 35 BİN KM HATASIZ BOYASIZ SERVİS BAKIMLI LANSMAN RENK EGEA,469.000 TL,"14 Ocak
2023","Kütahya
Merkez"
82,,,,
83,2018 Model Boyasız-Değişensiz Çelik Jantlı,405.000 TL,"14 Ocak
2023","Ankara
Etimesgut"
84,CNR'DEN Hatasız Adetli %18KDVli 1.6 Mj Urban Dct Fiat Egea,732.500 TL,"14 Ocak
2023","İstanbul
Sarıyer"
85,2018 T.ÇIKIŞLI EGEA 1.6DİZEL URBAN OTOMOTİK VİTES SERVİS BAKIMLI,449.750 TL,"14 Ocak
2023","İstanbul
Bağcılar"
86,DEĞİŞEN BOYA TRAMER YOK SİFİR AYARİNDA,410.000 TL,"14 Ocak
2023","Ankara
Sincan"
87,2021 MODEL EGEA EASY PLUS 24000 KM BAYİ ÇIKIŞLI LPG GARANTİLİ,445.000 TL,"14 Ocak
2023","Kayseri
Talas"
88,FİAT EGEA CROSS 1.4 STREET 13 BİN KM BOYASIZ SERVİS BAKIMLI,512.500 TL,"14 Ocak
2023","Antalya
Manavgat"
89,HATASIZ METALİK RENK,478.000 TL,"14 Ocak
2023","Kocaeli
Körfez"
90,Memurdan temiz aile arabası,345.000 TL,"14 Ocak
2023","Ankara
Çankaya"
91,UÇANKUŞ OTOMOTİV'DEN DEĞİŞENSİZ 2017 EGEA 1.3 MULTİJET URBAN,368.000 TL,"14 Ocak
2023","İzmir
Gaziemir"
92,BEYEFENDİ AUTO 2022 HATASIZ BOYASIZ EGEA,500.000 TL,"14 Ocak
2023","İzmir
Buca"
93,2019 MODEL EMSALSİZ TEMIZ BAKIMLI %18 FATURALI,375.750 TL,"14 Ocak
2023","İstanbul
Ümraniye"
94,2018 FİAT EGEA 1.3 multijet EASY SAHİBİNDEN FUL BAKIMLI,329.750 TL,"14 Ocak
2023","Ankara
Pursaklar"
95,2019 MODEL FIAT EGEA 1.6 MULTIJET 120 BG EASY PLUS DCT,465.000 TL,"14 Ocak
2023","Hatay
İskenderun"
96,*AUTO LORD* 2017 MODEL FİAT EGEA DİZEL MAN. EASY. KM 151.000 BİN,379.000 TL,"14 Ocak
2023","Konya
Karatay"
97,Hatasız Boyasız 36 Binde 2020 Stil,420.000 TL,"14 Ocak
2023","Mersin
Tarsus"
98,Sahibinden 3 yıldır kullandığım aracımı acilll satıyorum .,389.000 TL,"14 Ocak
2023","Bursa
Osmangazi"
99,"ÖZARICI MOTORS-2020 FIAT EGEA 1.4FİRE EASY ""60.000KM""",412.500 TL,"14 Ocak
2023","Konya
Seydişehir"
100,Sahibinden Satılık Temiz Fiat Egea,455.000 TL,"14 Ocak
2023","Ankara
Yenimahalle"
101,2022 Çıkışlı Hatasız Fiat Egea Cros,544.500 TL,"14 Ocak
2023","Balıkesir
Edremit"
102,ÖZYURT OTOMOTİVDEN HATASIZ,537.500 TL,"14 Ocak
2023","Kırşehir
Merkez"
103,2019_MODEL_FİAT_E­GEA_1.3_MJT_EASY_S­ADECE_88_BİN_KMDE,409.750 TL,"14 Ocak
2023","İstanbul
Sancaktepe"
104,HASAN BÜLBÜL'DEN 2021 Yeni Kasa Egea Cross Urban Boyasız,546.000 TL,"14 Ocak
2023","Aksaray
Merkez"
105,HATASIZ BOYASIZ İLK SAHİBİNDEN 1.4 URBAN PAKET,566.800 TL,"14 Ocak
2023","Ankara
Mamak"
106,DOCAR'dan 2017 MODEL FIAT EGEA 1.6 DİZEL OTOMATİK LOUNGE PLUS,465.000 TL,"14 Ocak
2023","Tekirdağ
Çorlu"
107,SAHİBİNDEN HATASIZ 2018 1.3 M.Jet EASY,430.000 TL,"14 Ocak
2023","Çankırı
Merkez"
108,2019 EGEA 1.4 FİRE EASY 95 HP ÖZEL RENK 16O.OOO KM'DE TERTEMİZ,332.950 TL,"14 Ocak
2023","İstanbul
Bağcılar"
109,M&T_OTOMOTİV'DEN 2019 FİAT EGEA 1.3 MULTİJET EASY,437.500 TL,"14 Ocak
2023","Düzce
Merkez"
110,sıfır ayarın da satılık,470.000 TL,"14 Ocak
2023","Antalya
Kepez"
111,2019 egea 90000km de,320.000 TL,"14 Ocak
2023","Kayseri
Kocasinan"
112,ÖZ AKDENİZ OTOMOTİVDEN 2017 MODEL FİAT EGEA 1.3 MULTİJET,373.950 TL,"14 Ocak
2023","Bursa
Osmangazi"
113,2019 EGEA URBAN PLUS OTOMATİK VİTES BOYASIZ 69 BİN KM DE,550.000 TL,"14 Ocak
2023","Gaziantep
Şehitkamil"
114,KAPLAN OTOMOTİV DEN SADECE 900 KM.SIFIR OTOMATİK EGEA.,635.000 TL,"14 Ocak
2023","Samsun
Bafra"
115,"2022 EGEA EASY 1,3 TRAMERSİZ DEGİŞENSİZ DÜŞÜK KM !!!",455.000 TL,"14 Ocak
2023","Adana
Yüreğir"
116,SAHİBİNDEN ÇOK TEMIZ 2017 HATASIZ EGEA,375.000 TL,"14 Ocak
2023","Manisa
Şehzadeler"
117,Sahibinden temiz aile aracı,410.000 TL,"14 Ocak
2023","Tekirdağ
Çerkezköy"
118,ORAS1 2019 FIAT EGEA SEDAN 1.6 M.JET URBAN DCT 64.000 KM,532.000 TL,"14 Ocak
2023","İstanbul
Pendik"
119,2016 FİAT EGEA 1.3 DİZEL EASY - HASAR KAYITSIZ 1 PARÇA BOYALI -,358.000 TL,"14 Ocak
2023","Ankara
Yenimahalle"
120,-2021 FIAT EGEA 1.3 M.JET EASY 25.000 KM HATASIZ BOYASIZ,499.500 TL,"14 Ocak
2023","İstanbul
Eyüpsultan"
121,Kırmızı sevenlere,520.000 TL,"14 Ocak
2023","Rize
Çayeli"
122,HATASIZ BOYASIZ,413.750 TL,"14 Ocak
2023","Denizli
Sarayköy"
123,BER EXCULUSİVE FARKIYLA 2018 DİZEL MANUEL FİAT EGEA,650 TL,"14 Ocak
2023","Düzce
Merkez"
124,36000 km hata boya TRAMER yoktur. sis farı çelik jant,471.500 TL,"14 Ocak
2023","Ankara
Pursaklar"
125,-MK MOTORLU ARAÇLAR- HATASIZ/BOYASIZ FIAT EGEA CROSS 1.4 FIRE,551.900 TL,"14 Ocak
2023","Antalya
Muratpaşa"
126,HAYAL MOTORS DAN FİAT EGEAA,650.000 TL,"14 Ocak
2023","İstanbul
Gaziosmanpaşa"
127,Fiat Egea easy 2016,345.000 TL,"14 Ocak
2023","Gaziantep
Nizip"
128,Ekstralı Temiz Egea Cross Garantisi Devam Ediyor,515.000 TL,"14 Ocak
2023","Yozgat
Merkez"
129,-MK MOTORLU ARAÇLAR- FIAT EGEA 1.4 FIRE URBAN,469.000 TL,"14 Ocak
2023","Antalya
Muratpaşa"
130,''KEMAL OTOMOTİV'' DEN 2022 FİAT EGEA EASY PLUS BOYASIZ 15.000KM,518.500 TL,"14 Ocak
2023","Eskişehir
Odunpazarı"
131,Beyaz Güvercin Satışta,320.000 TL,"14 Ocak
2023","İstanbul
Bağcılar"
132,FIAT EGEA 2022,445.000 TL,"14 Ocak
2023","Hatay
Reyhanlı"
133,CEHAN AUTO GÜVENCESİYLE HATASIZ BOYASIZ FUL PAKET HAYALET EKRAN,575.000 TL,"14 Ocak
2023","Adana
Ceyhan"
134,HATASIZ BOYASIZ 97.000 BİN KM SERVİS BAKIMLI EGEA,385.000 TL,"14 Ocak
2023","Ankara
Yenimahalle"
135,2019 FİAT EGEA 1.3 MultiJet 95HP 90.000KM ORJİNAL,445.000 TL,"14 Ocak
2023","İstanbul
Bağcılar"
136,SAHİBİNDEN SINIFININ EN DOLUSU 2015 MODEL1.6 DİZEL LOUNGE TEMİZ,475.000 TL,"14 Ocak
2023","İstanbul
Başakşehir"
137,NESİL CAR'DAN 2019 FİAT EGEA 1.3 MULTİJET URBAN PLUS,293.900 TL,"14 Ocak
2023","İstanbul
Arnavutköy"
138,FIAT EGEA 1.3 MULTİJET URBAN BAKIMLI MASRAFSIZ 167.000 KM'DE,369.000 TL,"14 Ocak
2023","Karabük
Merkez"
139,İlk Elden Kazasız Tramersiz Egea1.3 Multijet Easy Plus Ekranlı,499.000 TL,"14 Ocak
2023","Sakarya
Adapazarı"
140,TAŞIT TAKSİT'TEN ŞİMDİ AL 4 AY SONRA ÖDEMEYE BAŞLA HEMEN TESLİM!,350.000 TL,"14 Ocak
2023","Antalya
Kepez"
141,2021+HATASIZ+B­OYASIZ+FİAT+EGE­A+URBAN+TABLET EKRAN+95 HP,488.000 TL,"14 Ocak
2023","Bolu
Merkez"
142,2019 FİAT EGEA 1.6 M.JET EASY ( 120 HP ),503.850 TL,"14 Ocak
2023","Kocaeli
İzmit"
143,AYTU MOTORS HATASIZ BOYASIZ MAT GRİ SPOR BODYKİD DÜŞÜK KM EGEA,640.000 TL,"14 Ocak
2023","İstanbul
Avcılar"
144,2021 EGEA EASY 1.6 DİZEL BOYASIZ 6 İLERİ,535.000 TL,"14 Ocak
2023","Bilecik
Bozüyük"
145,İLK SAHİBİNDEN URBAN HAYALET EKRAN DEĞİŞEN BOYA TRAMER YOK,560.000 TL,"14 Ocak
2023","Malatya
Yeşilyurt"
146,PATRON OTOMOTİV'DEN FİAT EGEA 1.4 EASY PLUS EKRANLI HATASIZ,550.000 TL,"14 Ocak
2023","Ankara
Akyurt"
147,2019 EASY 60.00KM 120HP TAM OTOMATİK HATASIZ BOYASIZ,519.999 TL,"14 Ocak
2023","İstanbul
Başakşehir"
148,3 AY ERTELEMELİ %30 PEŞİNAT İLE 48 AY VADE,415.500 TL,"14 Ocak
2023","Kocaeli
Başiskele"
149,2017 Egea Exper raporlu.... takas olur..,359.500 TL,"14 Ocak
2023","Antalya
Kepez"
150,2017 model otomatik vites Egea,575.000 TL,"14 Ocak
2023","İzmir
Güzelbahçe"
151,2021 FİAT EGEA EASY PLUS 20.000km DEĞİŞEN TRAMER YOK,437.250 TL,"14 Ocak
2023","İstanbul
Beykoz"
152,Sahibinden 2016 egea multijet 1.3,352.000 TL,"14 Ocak
2023","Bursa
Nilüfer"
153,KÜÇÜKLER AUTO,480.000 TL,"14 Ocak
2023","Kahramanmaraş
Elbistan"
154,Fiat egea sahibinden satılık,425.000 TL,"14 Ocak
2023","Çankırı
Ilgaz"
155,2019 MODEL-LANSMAN RENGİ-ORJİNAL-FİAT EGEA 1.4 FİRE EASY,379.500 TL,"14 Ocak
2023","Bursa
Nilüfer"
156,"ÖZKAYA""DAN BOYASIZ DEĞİŞENSİZ TRAMERSİZ EASY 97.000 KM",420.000 TL,"14 Ocak
2023","İzmir
Konak"
157,10 BİN KM HATASIZ KAZASIZ EGEA EASY+ PLUS GARANTİLİ,457.500 TL,"14 Ocak
2023","İstanbul
Bahçelievler"
158,KAZASIZ BOYASIZ 2020 1.3 DİZEL EGEA,446.000 TL,"14 Ocak
2023","Trabzon
Akçaabat"
159,MURATOĞLU__2021 EGEA 1.3 EASY HATASIZ 70.000KM,483.500 TL,"14 Ocak
2023","İstanbul
Eyüpsultan"
160,LANSMAN RENK ORJİNAL KM BOYA KAZA YOK MASRAFSİZ BİNİLECEK ARAÇ,535.000 TL,"14 Ocak
2023","İstanbul
Ümraniye"
161,2020 EGEA BENZIN 40.000 KM SERVİS BAKIMLI,425.000 TL,"14 Ocak
2023","Antalya
Manavgat"
162,"FİAT BAYİİ BEYKAR OTODAN EGEA EASY 1,3 MLTJET 95 HP",317.500 TL,"14 Ocak
2023","Kocaeli
Başiskele"
163,Sahibinden Servis Bakımlı Hatasız Egea,485.500 TL,"14 Ocak
2023","Afyonkarahisar
Bolvadin"
164,BARIŞ GARAGE'DAN 2020 MODEL FİAT EGEA 1.6 MULTIJET URBAN PLUS,538.000 TL,"14 Ocak
2023","Ankara
Yenimahalle"
165,KAVAKLIDERE AUTO'DAN 2022 MODEL EGEACROSS URBAN LANSMAN RENGİ,579.900 TL,"14 Ocak
2023","Manisa
Turgutlu"
166,*DEĞİŞENSİZ SERVİS BAKIMLI2020FİAT­EGEA1.3M.JETSTR­EET95BG68.000KM,475.000 TL,"14 Ocak
2023","İstanbul
Silivri"
167,LİLYUM AUTO'DAN 47.000KM URBAN BOYASIZ HATASIZ,433.000 TL,"14 Ocak
2023","Tokat
Merkez"
168,28 Aralık 2021 trafiğe çıkışlı 3000 km de cross urban,585.000 TL,"14 Ocak
2023","Samsun
Atakum"
169,Hüseyin Seyhan Otomotiv'den 2015 1.3 Multijet Egea,322.500 TL,"14 Ocak
2023","Uşak
Merkez"
170,Güvensoy güvencesiyle servis bakımlı fül paket egea,498.000 TL,"14 Ocak
2023","Muş
Merkez"
171,2018 HATASIZ DEĞİŞENSİZ EGEA,375.000 TL,"14 Ocak
2023","Antalya
Kepez"
172,OĞUZLAR'dan 40 BİN KM 2016 EGEA 1.4 URBAN KAÇIRMA,337.000 TL,"14 Ocak
2023","İstanbul
Silivri"
173,FİAT EGEA 1.3 MULTİJET PLAKALİ RUHSATLİ,263.500 TL,"14 Ocak
2023","İzmir
Bornova"
174,HATASIZ BOYASIZ TRAMERSİZ EGEA URBAN,395.000 TL,"14 Ocak
2023","Ankara
Yenimahalle"
175,MESA OTOMOTİVDEN,393.000 TL,"14 Ocak
2023","Yalova
Merkez"
176,TRAMERSİZ+DEGİSENSİZ 1.3 Multijet EGEA,369.000 TL,"14 Ocak
2023","Samsun
Atakum"
177,2020 FİAT EGEA 1.6 M.JET EASY 102.000 KM'DE,479.000 TL,"14 Ocak
2023","İstanbul
Esenyurt"
178,ARSLAN MOTORS'TAN 2022 MODEL FİAT EGEA URBAN HATASIZ,745.000 TL,"14 Ocak
2023","Batman
Merkez"
179,Sahibinden sıfır Ayarında Egea Cross Araç urban pakettir.,750.000 TL,"14 Ocak
2023","İstanbul
Sultanbeyli"
180,,,,
181,61 BİNDE 2018 FİAT EGEA EASY PLUS 1.6 MJET 120 BG DCT / ÜNSAN,545.750 TL,"14 Ocak
2023","İzmir
Buca"
182,BOYASIZ - TRAMERSİZ - DEĞİŞENSİZ,474.900 TL,"14 Ocak
2023","Yozgat
Merkez"
183,HATASIZ BOYASIZ TRAMERSİZ OTORAPORLU,406.500 TL,"14 Ocak
2023","Tekirdağ
Kapaklı"
184,Ful+ful düşük km egea,410.000 TL,"14 Ocak
2023","İstanbul
Sultanbeyli"
185,...TTS OTO KİRALAMA... 0 KM 2022 MODEL FİAT EGEA DİZEL,400 TL,"14 Ocak
2023","Kayseri
Kocasinan"
186,"2022 OCAK ÇIKIŞLI, HATASIZ BOYASIZ",545.000 TL,"14 Ocak
2023","Ankara
Altındağ"
187,ÖZBEREKET PLAZA'DAN FİAT EGEA 1.4 FİRE URBAN PLUS 2020,420.000 TL,"14 Ocak
2023","Gaziantep
Şahinbey"
188,Yarımada Auto'dan lounge plus Egea,455.000 TL,"14 Ocak
2023","Muğla
Milas"
189,RUŞAN OTOMOTİV'den 2019 Egea 1.6 M.JET Easy - %1.54 KREDİ ORANI,476.500 TL,"14 Ocak
2023","Kocaeli
Gebze"
190,AYDOĞDU Motorlu Araçlar DAN..2020 ÇIKIŞLI.BENZİN+LPG Lİ...,259.000 TL,"14 Ocak
2023","İstanbul
Bağcılar"
191,DCar Otomotiv'den 2020 Fiat Egea Urban Dizel Otomatik Garantili,579.900 TL,"14 Ocak
2023","Bursa
Nilüfer"
192,HATASIZ 2019 FIAT EGEA 1.3 MULTIJET MIRROR 32.000KM,484.000 TL,"14 Ocak
2023","Manisa
Gölmarmara"
193,FİAT EGEAA,362.500 TL,"14 Ocak
2023","İstanbul
Bağcılar"
194,NUSENS MOTORS DEĞİŞENSİZ 2019 OTOMATİK URBAN PLUS FULL+FULL,487.000 TL,"14 Ocak
2023","Bursa
Nilüfer"
195,SERCAN OTO'DAN 2020 EGEA URBAN PLUS 1.6 MJET OTOMATİK GARANTİLİ,539.900 TL,"14 Ocak
2023","Hatay
Antakya"
196,2018+BOYASIZ+OTO­MATİK+1.6DİZEL+UR­BAN+HATASIZ+FULL,454.900 TL,"14 Ocak
2023","Adana
Seyhan"
197,"Bakımlı ,Aksesuarlı temiz aile aracı",475.000 TL,"14 Ocak
2023","Diyarbakır
Bismil"
198,KZY OTOMOTİV'DEN 2017 EGEA,319.900 TL,"14 Ocak
2023","Kayseri
Kocasinan"
199,Acil Satılık Hatasız-Boyas ız-Tramersiz,398.900 TL,"14 Ocak
2023","İstanbul
Kartal"
200,BOYASIZ...H­ATASIZ!!!!,545.000 TL,"14 Ocak
2023","İstanbul
Bağcılar"
201,CAR İST HATASIZ DEĞİŞENSİZ 26000KM FİAT EGEA BENZİN URBAN MANUEL,400.000 TL,"14 Ocak
2023","Kilis
Merkez"
202,SAHİBİNDEN 2022 FİAT EGEA EASY SIFIR HATASIZ BOYASIZ 5.000KM.!,620.000 TL,"14 Ocak
2023","Ordu
Fatsa"
203,Hatasız boyasız,335.000 TL,"14 Ocak
2023","Isparta
Merkez"
204,2017 MODEL FİAT EGEA 1.6 URBAN BENZİN/LPG OTOMATİK,410.000 TL,"14 Ocak
2023","Konya
Karatay"
205,WORLD KARTINIZA 50.000 TL 12 AY SIFIR FAİZ FIRSATI İLE EGEA,440.000 TL,"14 Ocak
2023","Bursa
Nilüfer"
206,HATASIZ-BOYAS­IZ-TRAMERSİZ URBAN PLUS PAKET,495.000 TL,"14 Ocak
2023","İstanbul
Bahçelievler"
207,2015 FIAT EGEA URBAN 1.6 MULTIJET 59.000 KM - HATASIZ - BOYASIZ,449.900 TL,"14 Ocak
2023","İstanbul
Sancaktepe"
208,Kaçırılmayacak temizlik de Egea,389.999 TL,"14 Ocak
2023","Ordu
Aybastı"
209,TREMERSİZ KAZASİZ DÜŞÜK KM SAHİBİNDEN EGEA LPG Lİ VE GARANTİLİ,418.000 TL,"14 Ocak
2023","Çorum
Merkez"
210,SAHİBİNDEN SATILIK 2018 Egea 1.4 Easy,365.000 TL,"14 Ocak
2023","Ankara
Keçiören"
211,sahibinden temiz egea km orjinal 7000 de,525.000 TL,"14 Ocak
2023","İstanbul
Eyüpsultan"
212,BÜYÜKSOYLU'DAN 2022 FIAT EGEA 1.6 M.JET EASY 130 HP DCT,630.000 TL,"14 Ocak
2023","Konya
Ereğli"
213,BAŞAK OTOMOTİV 2020 FİAT EGEA 1.3 MULTİJET EASY 94.000 KM'DE,415.000 TL,"14 Ocak
2023","Kayseri
Kocasinan"
214,HATASIZ EKSTRALI KULLANILMAMIŞ,489.500 TL,"14 Ocak
2023","İstanbul
Avcılar"
215,Aracım 2017 model 175 km,345.000 TL,"14 Ocak
2023","Bursa
Osmangazi"
216,2019 çok temiz hatasız egea,386.000 TL,"14 Ocak
2023","Diyarbakır
Bağlar"
217,2018 FİAT EGEA DİZEL EURO6 BOYASIZ 110 BİN KM,402.000 TL,"14 Ocak
2023","Adana
Seyhan"
218,2020 FİAT EGEA 1.4 FİRE 95 HP MİRROR 41.000 KM HATASIZ ORJİNAL,455.000 TL,"14 Ocak
2023","Yalova
Merkez"
219,SAHİBİNDEN HATASIZ BOYASIZ DEĞİŞENSİZ 1.6 MULTİJET LOUNGE EGEA,388.000 TL,"14 Ocak
2023","Ankara
Çankaya"
220,2016 MODEL 1.3 MULTİJET EGEA MANUEL,380.000 TL,"14 Ocak
2023","Trabzon
Ortahisar"
221,M POİNT GRUP'DAN FİAT EGEA CROSS 1.4 FİRE URBAN HATASIZ,579.000 TL,"14 Ocak
2023","Muğla
Bodrum"
222,SAHİBİNDEN TERTEMİZ HATASIZ KUSURSUZ,349.750 TL,"14 Ocak
2023","Afyonkarahisar
Merkez"
223,OTOFORA 2020 FİAT EGEA 1.3 MULTİJET EASY 95 HP,447.000 TL,"14 Ocak
2023","İzmir
Bayraklı"
224,DÜŞÜK PEŞİNAT 2019 FIAT EGEA 1.3 M.JET EASY 87.402 KM,378.900 TL,"14 Ocak
2023","İstanbul
Ataşehir"
225,Memurdan Hatasız 2021 EGEA PLUS PAKET,453.000 TL,"14 Ocak
2023","Adıyaman
Merkez"
226,2017 EGEA 1.6 MULTİJET OTOMATİK DİZEL 193.000 KM'DE,410.000 TL,"14 Ocak
2023","İstanbul
Bağcılar"
227,Fiat Egea 1.4 Fire Easy İlk Sahibinden,420.000 TL,"14 Ocak
2023","İstanbul
Sancaktepe"
228,TR nin en uygun 2016 Fiat egea otomatik değişen yok boya var,323.500 TL,"14 Ocak
2023","İstanbul
Bayrampaşa"
229,FULL SERVİS BAKIMLI TEMİZ EGEA LONG,485.000 TL,"14 Ocak
2023","Aydın
Çine"
230,DEĞİŞENSİZ-10­7000KM-%18KDV,385.000 TL,"14 Ocak
2023","Tekirdağ
Çerkezköy"
231,Temiz Aile Aracı,403.000 TL,"14 Ocak
2023","Gaziantep
Şehitkamil"
232,2017 MODEL FİAT EGEA 1.3 MULTİJET EASY PLUS 95 HP,395.000 TL,"14 Ocak
2023","İstanbul
Beykoz"
233,Satılık Fiat egea urban,450.000 TL,"14 Ocak
2023","İstanbul
Esenyurt"
234,2019 EGEA DİZEL 1.3 Multijet SERVİS BAKIMLI 1 YIL GARANTİLİ,385.000 TL,"14 Ocak
2023","İstanbul
Pendik"
235,Bayandan HB Otomatik Egea,530.000 TL,"14 Ocak
2023","İstanbul
Tuzla"
236,Sahibinden S-DESIGN Egea düşük kilometreli,525.000 TL,"14 Ocak
2023","Gaziantep
Şehitkamil"
237,HANLI 2017 FIAT EGEA 1.3 MULTIJET EASY 95 HP,355.000 TL,"14 Ocak
2023","İstanbul
Bağcılar"
238,Temiz Egea,400.000 TL,"14 Ocak
2023","Antalya
Muratpaşa"
239,2018 FİAT EGEA 1.4 FİRE EASY 18.000 KM BOYASIZ HATASIZ,420.000 TL,"14 Ocak
2023","Adana
Seyhan"
240,BOYASIZ DEĞİŞENSİZ 100'ooo km'de URBAN !,435.000 TL,"14 Ocak
2023","Artvin
Merkez"
241,"Otokoç 2.El Samsun'dan 2021 FIAT EGEA CC 150.000 TL 24 Ay %1,89",503.000 TL,"14 Ocak
2023","Samsun
Tekkeköy"
242,Angora Car Rental'den 2020 Full Paket Otomatik Dizel 15000 TL,500 TL,"14 Ocak
2023","Ankara
Çankaya"
243,BEKTAŞ OTOMOTİV-2021 MODEL-EGEA 1.4 FİRE-URBAN PAKET-LASMAN MAVİ,492.000 TL,"14 Ocak
2023","Çanakkale
Biga"
244,Hatasız Boyasız Urban Bej Renk,498.000 TL,"14 Ocak
2023","İstanbul
Şişli"
245,2022 1.4 EGEA URBAN SEDAN FULL+FULL + 18BİN KM + FIRSAT ARACI,439.000 TL,"14 Ocak
2023","Kayseri
Kocasinan"
246,FİAT EGEA EASY PLUS HATASIZ BOYASIZ EMSALSİZ 40.000 KM,499.750 TL,"14 Ocak
2023","Osmaniye
Merkez"
247,"Otokoç 2.El Samsun'dan 2022 FIAT EGEA 150.000 TL 24 Ay %1,89",618.250 TL,"14 Ocak
2023","Samsun
Tekkeköy"
248,DUYGUM OTODAN FİAT 2018 EGEA EASY PLUS 1.6 MULTİJET 120 HP DCT,442.000 TL,"14 Ocak
2023","Mersin
Yenişehir"
249,bütün bakımları yapılmıştır 2016 model,305.000 TL,"14 Ocak
2023","Gaziantep
Nizip"
250,2017 FUL PAKET EGEA 1.6 DİZEL 120 hp OTOMATİK,397.000 TL,"14 Ocak
2023","Mersin
Yenişehir"
251,Hatasız Boyasız İlk sahibinden,335.000 TL,"14 Ocak
2023","Yozgat
Merkez"
252,KONUK OTOMOTİV'DEN DÜŞÜK KM FİAT EGEA,345.750 TL,"14 Ocak
2023","Ankara
Çankaya"
253,KONUK OTOMOTİV'DEN DÜŞÜK KM FİAT EGEA,345.750 TL,"14 Ocak
2023","Ankara
Çankaya"
254,Sıfır kokusu üzerinde düşük km tertemiz sahibinden,453.000 TL,"14 Ocak
2023","İstanbul
Pendik"
255,DENİZOĞLU GALLERY'DEN 2016 EGEA 1.3 MJET BOYASIZ HATASIZ EXTRALI,385.000 TL,"14 Ocak
2023","Gaziantep
Şehitkamil"
256,2019 FİAT EGEA EASY BOYA DEGİŞEN HASAR KAYDI YOK 40.000 KM,403.500 TL,"14 Ocak
2023","Kahramanmaraş
Elbistan"
257,2021 FİAT EGEA EASY HATASIZ+BOYAS­IZ+TRAMERSİZ,488.900 TL,"14 Ocak
2023","İstanbul
Çekmeköy"
258,Bakımları yapıldı Masrafsız Tertemiz Egea,380.000 TL,"14 Ocak
2023","Ankara
Çankaya"
259,2016 MODEL EGEA EASY PAKET DÜŞÜK KM ORJİNAL,296.000 TL,"14 Ocak
2023","Mersin
Mezitli"
260,2022 3 bin km de poşetleri üzerinde ekstralı,639.000 TL,"14 Ocak
2023","Erzurum
Yakutiye"
261,2022 FİAT EGEA 1.4 FİRE EASY PLUS 15.000 KM,397.850 TL,"14 Ocak
2023","İstanbul
Ataşehir"
262,GALERİ GÖKHAN DAN 2022 FİAT EGEA SEDAN URBAN PAKET,495.000 TL,"14 Ocak
2023","Konya
Karatay"
263,ÇOK TEMİZ AİLE ARACI EKSPER RAPORLU TAKAS OLUR 2017 ÇIKIŞLI,329.999 TL,"14 Ocak
2023","İzmir
Tire"
264,3 AY ERTELEMELİ SENETveyaKREDİ .%18KDV.FIRSAT ARACI,339.500 TL,"14 Ocak
2023","İstanbul
Pendik"
265,SAHİBİNDEN SATILIK AİLE ARACI,346.000 TL,"14 Ocak
2023","İstanbul
Gaziosmanpaşa"
266,FERRETTİ'DEN 2019 DİZEL OTOMATİK KAZASIZ URBAN PLUS,555.000 TL,"14 Ocak
2023","İstanbul
Esenyurt"
267,ÖZTÜRK OTOMOTİVDEN 7700KMDE EGEA EASY %18 kdv li,547.750 TL,"14 Ocak
2023","İzmir
Gaziemir"
268,"2022 FİAT EGEA CROSS 1,4 FİRE STREET BOYASIZ",535.000 TL,"14 Ocak
2023","Çorum
Merkez"
269,2019 MODEL FİAT EGEA EASY 118.000KM,445.000 TL,"14 Ocak
2023","Antalya
Alanya"
270,Mükemmel Temizlikte,417.500 TL,"14 Ocak
2023","Eskişehir
Odunpazarı"
271,2020 FİAT EGEA 1.6 MULTİJET EASY BOYASIZ*ERDİ MOTORS*,515.000 TL,"14 Ocak
2023","Antalya
Muratpaşa"
272,2020 MODEL FİAT EGEA 1.3 MULTİJET URBAN PLUS,533.000 TL,"14 Ocak
2023","Aksaray
Merkez"
273,"TEKNAK OTO'DAN 2017 MODEL FIAT EGEA 1.6 E-TORQ URBAN PLUS
Yetkili Bayi",479.900 TL,"14 Ocak
2023","Balıkesir
Altıeylül"
274,1.6 OTOMATİK EGEA DEĞİŞENSİZ,425.000 TL,"14 Ocak
2023","İstanbul
Küçükçekmece"
275,EMRE AUTO DAN 2021 FİAT EGEA LOUNGE 30 BİN KM İLK EL LPG,515.000 TL,"14 Ocak
2023","Mersin
Toroslar"
276,MAZZINI..BAYI.. 2022 HATASIZ..EGEA 1.3 MJET EASY EURO6 %18KDV..,615.000 TL,"14 Ocak
2023","İzmir
Balçova"
277,İLK EL SERVİS BAKIMLI2017 KASA 1.3 EGEA EASY %18 FATURALI 109 KM,379.400 TL,"14 Ocak
2023","Adana
Seyhan"
278,OKYANUS AUTO DAN 2020 EGEA MIRROR HATASIZ,499.500 TL,"14 Ocak
2023","Sivas
Merkez"
279,TERTEMİZ FİAT EGEA KAZASİZ,420.000 TL,"14 Ocak
2023","İstanbul
Başakşehir"
280,2016 Egea Temiz aile araci daha 43000 km de,490.000 TL,"14 Ocak
2023","Denizli
Pamukkale"
281,Otokoç 2.El Samsun Tekkeköy'den 2022 Dizel Otomatik Fiat Egea,621.000 TL,"14 Ocak
2023","Samsun
Tekkeköy"
282,Otokoç 2.El Bursa Nilüfer'den 2021 Dizel Manuel Fiat Egea,518.000 TL,"14 Ocak
2023","Bursa
Nilüfer"
283,Ev alıcağım için satılıktır.,418.000 TL,"14 Ocak
2023","İstanbul
Çekmeköy"
284,öğretmenden sıfır gibi,480.000 TL,"14 Ocak
2023","Sakarya
Adapazarı"
285,BÜYÜKSOYLU FİLO'DAN 2016 EGEA SEDAN 1.6 URBAN 6 İLERİ 120 HP,345.000 TL,"14 Ocak
2023","İzmir
Menemen"
286,2021 Model Fıat Egea Hatasız,479.950 TL,"14 Ocak
2023","Antalya
Muratpaşa"
287,ERNAZ OTODAN 2020 Egea Sedan 1.3 MultiJet Easy / 95 BG,399.500 TL,"14 Ocak
2023","Kocaeli
İzmit"
288,Boyasız Değişensiz Egea Easy,445.000 TL,"14 Ocak
2023","Kahramanmaraş
Dulkadiroğlu"
289,"TANOTO 2.ELDEN DEĞİŞENSİZ EGEA 12 AY %0,48 DEN BAŞLAYAN KREDİ",462.500 TL,"14 Ocak
2023","Ankara
Akyurt"
290,HATASIZ BOYASIZ ÇİZİKSİZ 17.BİNDE URBAN TR.NİN EN UCUZU.,482.500 TL,"14 Ocak
2023","Yozgat
Yerköy"
291,2016 1.6 DİZEL OTOMATİK 153 BİN KM,385.000 TL,"14 Ocak
2023","İstanbul
Arnavutköy"
292,48.000 KM'DE 2021 MODEL FİAT EGEA EASY PLUS - EKRANLI - BOYASIZ,442.000 TL,"14 Ocak
2023","Zonguldak
Kozlu"
293,,,,
294,YARDIMCAR 2021 Çıkışlı Fiat Egea 1.6 Multijet Easy DCT,525.000 TL,"14 Ocak
2023","İstanbul
Bağcılar"
295,İPEKSOY2.EL TEMİZ 2017 EGEA 1.6 COMFORT OTOMATİK VİTES,361.500 TL,"14 Ocak
2023","İstanbul
Başakşehir"
296,2019 MODEL ORJİNAL 100.000 KM'de EGEA OTOMATİK VİTES URBAN,473.750 TL,"14 Ocak
2023","İstanbul
Bağcılar"
297,YTR MOTORS'FİAT EGEA URBAN PLUS 2018,335.000 TL,"14 Ocak
2023","İstanbul
Bahçelievler"
298,RBR MOTORS// 2017 - FİAT EGEA - MULTİJET,345.000 TL,"14 Ocak
2023","Adana
Seyhan"
299,2022 EGEA EASY PLUS HATA BOYA TRAMER YOK,487.750 TL,"14 Ocak
2023","İstanbul
Beykoz"
300,2017 FİAT EGEA 1.3 MJET EASY OTOSHOPS ALSA,359.900 TL,"14 Ocak
2023","İstanbul
Esenyurt"
301,ARAS OTOMOTİV'DEN EGEA URBAN LANSMAN RENK HATASIZ.!!,525.000 TL,"14 Ocak
2023","Kocaeli
Gebze"
302,TAMAMINA KREDİ + 200 BİN BİREYSEL 2017 FİAT EGEA URBAN 1.3 M.jet,278.000 TL,"14 Ocak
2023","İstanbul
Bağcılar"
303,2020 EGEA 1.3 MLTJT EASY HATASIZ BOYASIZ KAYITSIZ ORJİNAL 115 BN,443.500 TL,"14 Ocak
2023","Ankara
Akyurt"
304,2020 EGEA 1.3 MLTJT EASY HATASIZ BOYASIZ KAYITSIZ ORJİNAL 115 BN,443.500 TL,"14 Ocak
2023","Ankara
Akyurt"
305,ONNO 1.6 MULTİJET URBAN OTOMATİK HATASIZ BOYASIZ,759.900 TL,"14 Ocak
2023","İzmir
Konak"
306,AKDENİZİN İNCİSİ,615.000 TL,"14 Ocak
2023","Mersin
Tarsus"
307,ERVADAN HATASIZ BOYASIZ EGEA,357.500 TL,"14 Ocak
2023","Osmaniye
Düziçi"
308,GÜMÜŞ AUTO 2022 FIAT EGEA -BOYASIZ HATASIZ %18 FATURA 13 BİNDE,515.000 TL,"14 Ocak
2023","Kahramanmaraş
Onikişubat"
309,M&U OTOMOTİV'DEN / EGEA 1.3MJET URBAN / HATASIZ BOYASIZ / FULL,379.000 TL,"14 Ocak
2023","Ankara
Sincan"
310,TİRİL AUTO 2018 FİAT EGEA-1.4 FİRE-EASY PLUS-55 BİN KM-BOYASIZ,420.000 TL,"14 Ocak
2023","İzmir
Gaziemir"
311,"EGEA URBAN 1,3 DİZEL 2017 MODEL",428.000 TL,"14 Ocak
2023","Bursa
Gemlik"
312,HATASIZ BOYASIZ 2020 MODEL EASY Stil paket 21 bin'de,429.500 TL,"14 Ocak
2023","Mersin
Tarsus"
313,19 BİNDE 2020 MODEL URBAN PLUS,510.000 TL,"14 Ocak
2023","Giresun
Tirebolu"
314,OTONOVA'DAN EGEA 1.6 M.JET URBAN OTOMATİK,650.900 TL,"14 Ocak
2023","İstanbul
Ümraniye"
315,2021 MODEL FİAT EGEA 1.4 FİRE URBAN HATASIZ-BOYASIZ LANSMAN RENK,470.000 TL,"14 Ocak
2023","Yozgat
Merkez"
316,SAHİBİNDEN HATASIZ BOYASIZ TRAMERSİZ SIFIRDAN FARKSIZ FULL+FULL,452.500 TL,"14 Ocak
2023","İzmir
Karabağlar"
317,ŞAHİNLER DENİZLİ'DEN 2016 MODEL FİAT EGEA 1.6 MJT LOUNGE PLUS,405.000 TL,"14 Ocak
2023","Denizli
Pamukkale"
318,OTOPORT GÜMÜŞ'den 2020 FİAT EGEA 1.3 EASY DİZEL 83.000 KMDE,433.000 TL,"14 Ocak
2023","İstanbul
Avcılar"
319,2018 1.6 DİZEL OTOMATİK EN FULL MODELİ DEGİSENSİZ DÜSÜK KM,535.000 TL,"14 Ocak
2023","Isparta
Merkez"
320,Sahibinden Kusursuz çok temiz egea,467.000 TL,"14 Ocak
2023","Van
İpekyolu"
321,2019 model 43binde degisen tramer yok,435.000 TL,"14 Ocak
2023","Kayseri
Melikgazi"
322,LANSMAN RENK BAL KÖPÜĞÜ URBAN PLUS LPG Lİ 35 BİN DE,433.000 TL,"14 Ocak
2023","Mersin
Tarsus"
323,Hatasız Boyasız 36 Bin Km 2021 Model,439.000 TL,"14 Ocak
2023","Mersin
Tarsus"
324,"HATASIZ,KAYIT­SIZ,TERTEMİZ",450.000 TL,"14 Ocak
2023","Trabzon
Ortahisar"
325,KOZCUOĞLU'NDAN 2019 FİAT EGEA 1.4 FİRE URBAN PLUS BOYASIZ,449.000 TL,"14 Ocak
2023","Kütahya
Merkez"
326,HATASIZ BOYASIZ 19 BIN KMDE URBAN PLUS LPG Lİ+TABLET EKRAN,458.500 TL,"14 Ocak
2023","Tokat
Merkez"
327,BAŞARAN'DAN 2020 Egea 1.6 M.Jet Mirror DCT / 120 BG,517.500 TL,"14 Ocak
2023","Antalya
Kepez"
328,2022 BOYASIZ+ARAÇ TAKİP CONNECT+CAR PLAY+212.000 TL KREDİ İMKANI,492.900 TL,"14 Ocak
2023","Sakarya
Erenler"
329,2022 FİAT EGEA 1.3 M.JET 95 HP EASY GARANTİLİ..ORJİNAL..,545.000 TL,"14 Ocak
2023","Kahramanmaraş
Onikişubat"
330,Temiz bakımlı 2017 Egea,438.500 TL,"14 Ocak
2023","Ankara
Yenimahalle"
331,2022 EGEA EASY PLUS 1.4 BENZİNLİ %18 FATURALI,475.500 TL,"14 Ocak
2023","İstanbul
Bağcılar"
332,ÖZHAMURKAR-2018 FIAT EGEA 1.6 M.JET LOUNGE PLUS 120 HP % 18 KDV,518.500 TL,"14 Ocak
2023","İstanbul
Kartal"
333,ARGON'DAN 2022 Fiat Egea Cross 1.4 Benzin Manuel Urban Led Paket,555.000 TL,"14 Ocak
2023","Ankara
Çankaya"
334,M-SMART FİLO 2020 EGEA DİZEL,400 TL,"14 Ocak
2023","Mersin
Mezitli"
335,ŞARK///FİAT EGEA 1.4 URBAN,300.000 TL,"14 Ocak
2023","İstanbul
Kadıköy"
336,ÖZEL RENK URBAN PULUS YOK BÖYLE GÜZELLİK,410.000 TL,"14 Ocak
2023","Adana
Seyhan"
337,1.3 MULTİ_JET EGEA EURO 6 MOTOR,407.500 TL,"14 Ocak
2023","İstanbul
Ataşehir"
338,PARK OTOMOTİV'DEN 2017 MODEL HATASIZ BOYASIZ URBAN PLUS !!,529.750 TL,"14 Ocak
2023","Kayseri
Kocasinan"
339,SAYİBİNDEN//HATASIZ //BOYASIZ...,549.000 TL,"14 Ocak
2023","Düzce
Merkez"
340,2019 BOYASIZ HATASIZ URBAN PLUS 1.3 M.JET 34.000 KM G.GÖRÜŞ,485.000 TL,"14 Ocak
2023","Gaziantep
Şehitkamil"
341,CLK CAR RENTALS 2022 FİAT EGEA BENZİN MANUEL KAMPANYALI ARAÇLAR,400 TL,"14 Ocak
2023","Antalya
Konyaaltı"
342,OTOKOÇ DENİZLİ'DEN FİAT EGEA 1.6 MJET EASY DCT,455.000 TL,"14 Ocak
2023","Denizli
Merkezefendi"
343,2022ÇKŞ EGEA 1.4 EASY PLUS BOYASIZ %18 FATURALI,472.000 TL,"14 Ocak
2023","Muğla
Yatağan"
344,2022 FIAT EGEA 1.5 T4 HYBRID URBAN OTOMATİK HATASIZ BOYASIZ,682.000 TL,"14 Ocak
2023","İstanbul
Esenyurt"
345,Temiz egea,295.000 TL,"14 Ocak
2023","Kocaeli
Gebze"
346,Sahibinden 20 bin km'de bakımlı masrafsız,469.500 TL,"14 Ocak
2023","İstanbul
Güngören"
347,TOYOTA PLAZA TOYMAR'DAN FIAT EGEA 1.3 MULTIJET EASY,530.000 TL,"14 Ocak
2023","Kahramanmaraş
Dulkadiroğlu"
348,2022 FİAT EGEA 1.3 MULTİJET EASY 95 BG - %18 FATURA,545.990 TL,"14 Ocak
2023","Trabzon
Ortahisar"
349,BAYAN DOKTORDAN HATASIZ EGEA CROSS 1.6 MULTİJET LOUNGE,835.000 TL,"14 Ocak
2023","Eskişehir
Tepebaşı"
350,sahibinden hatasız boyasiz,423.000 TL,"14 Ocak
2023","Amasya
Merkez"
351,ÇAMOLUK'DAN_201­9_HATASIZ_BOYASI­Z_FİAT_EGEA_1.4 MİRROR_32.000KM,470.000 TL,"14 Ocak
2023","İstanbul
Bağcılar"
352,HATCBACK 2020 EGEA,500 TL,"14 Ocak
2023","Sakarya
Erenler"
353,sıfır poşetleri üstünde 2bin km,670.000 TL,"14 Ocak
2023","Kocaeli
İzmit"
354,VOL MOTORS 2019 FIAT EGEA 1.6 E-TORQ URBAN PLUS - 65.000KM,485.000 TL,"14 Ocak
2023","İstanbul
Esenyurt"
355,BEKTAŞ OTOMOTİV-2022 MODEL-MAVİ-EGEA CROSS-URBAN-HA­TASIZ-BOYASIZ,587.000 TL,"14 Ocak
2023","Çanakkale
Biga"
356,,,,
357,SERVİS BAKIMLI FİAT EGEA,320.000 TL,"14 Ocak
2023","İzmir
Bayraklı"
358,HATASIZ EGEA 1.4 FİRE EASY,465.000 TL,"14 Ocak
2023","Çanakkale
Ezine"
359,2018 Model 100 bin km Ağır Bakımları Yapılmış Hatasız Orjinal,459.900 TL,"14 Ocak
2023","Bartın
Merkez"
360,ÖNDER'de 2021 EGEA 1.4FİRE LONG BOYASIZ HATASIZ 20.000KM'de,513.500 TL,"14 Ocak
2023","Kahramanmaraş
Elbistan"
361,Fiat Egea Cross 1.4 Fire Street %18 Faturalı,546.900 TL,"14 Ocak
2023","İzmir
Bornova"
362,Tertemiz 2017 Model Egea,399.750 TL,"14 Ocak
2023","İstanbul
Bağcılar"
363,EMİR OTO KİRALAMA'DAN DİZEL MANUEL FİAT EGEA VE DİĞER ARAÇLAR,299 TL,"14 Ocak
2023","Ankara
Keçiören"
364,EKSTRALI DOLU EGEA,520.000 TL,"14 Ocak
2023","Sakarya
Hendek"
365,2022 MODEL EGEA 1.3 MULTIJET EASY PLUS YUZDE 18 KDV,567.000 TL,"14 Ocak
2023","Ankara
Yenimahalle"
366,Hatasız 57 binde EGEA,463.000 TL,"14 Ocak
2023","İzmir
Buca"
367,Otokoç 2.El Samsun Tekkeköy 2021 Benzin Manuel Fiat Egea Cross,536.750 TL,"14 Ocak
2023","Samsun
Tekkeköy"
368,Fiat Egea Sedan 1.3 MultiJet Easy,476.900 TL,"14 Ocak
2023","İzmir
Bornova"
369,MARGRUP'TAN 2019 FIAT EGEA SEDAN 1.4 FİRE URBAN PLUS,385.000 TL,"14 Ocak
2023","İstanbul
Eyüpsultan"
370,GÖRPELİLER OTOMOTİV'DEN HATASIZ EASY PLUS 7900 KM,467.500 TL,"14 Ocak
2023","Yozgat
Merkez"
371,NUR OTOMOTİVDEN EGEA 1.4 HATASIZ BOYASIZ,435.000 TL,"14 Ocak
2023","Manisa
Şehzadeler"
372,''ERN MOTORS''FİAT 2018 EGEA EASY PLUS 1.6 MULTİJET 120 HP DCT,465.000 TL,"14 Ocak
2023","İstanbul
Esenyurt"
373,PRAXİ OTOMOTİV'DEN 2021 FİAT EGEA 1.4 FİRE URBAN-HATASIZ,456.000 TL,"14 Ocak
2023","İstanbul
Bağcılar"
374,HATASIZ BOYASIZ 10 BİNDE GARANTİSİ DEVAM EDİYOR,450.000 TL,"14 Ocak
2023","İzmir
Seferihisar"
375,GÜNLÜK KİRALIK FİAT EGEA AÇIKLAMAYI OKUYUNUZ..,160 TL,"14 Ocak
2023","Kocaeli
Darıca"
376,2021 MODEL 26.000 KM.DE 1.3 MULTIJET EGEA EASY PLUS,495.850 TL,"14 Ocak
2023","Bursa
Osmangazi"
377,Sahibinden temiz garaj arabası,430.000 TL,"14 Ocak
2023","Mersin
Toroslar"
378,"Kutay Bodrum'dan 2020 Egea Sedan 1.4 Fire Easy / 95 BG
Yetkili Bayi",445.000 TL,"14 Ocak
2023","Muğla
Bodrum"
379,HATASIZ 2019 İLK ELDEN,395.000 TL,"14 Ocak
2023","Konya
Ilgın"
380,3K MOTORS 2018 FİAT EGEA 1.6 MJET EASY OTOMATİK 1PARÇA BOYALI,417.000 TL,"14 Ocak
2023","Trabzon
Ortahisar"
381,HATASIZ EGEA URBAN 1.3 MULTİJET,412.800 TL,"14 Ocak
2023","Bolu
Merkez"
382,Öğretmenden temiz egea,382.000 TL,"14 Ocak
2023","Hatay
Yayladağı"
383,_ÖZPOLAT_2020/ HATASIZ/ EASY STİL/ BAKIMLI/ DİZEL/ 70.000 KM,456.000 TL,"14 Ocak
2023","Bolu
Merkez"
384,KORKMAZ AUTO' 2022 MODEL HATASIZ BOYASIZ TRAMERSİZ LOUNGE,662.500 TL,"14 Ocak
2023","Çanakkale
Biga"
385,MERSİN FORD BAYİ ERGİN A.Ş.-Fiat Egea Sedan 1.3 Easy Plus,539.900 TL,"14 Ocak
2023","Mersin
Yenişehir"
386,EGEA EASY 1.3 HATASIZ 145.000 km,359.000 TL,"14 Ocak
2023","Ankara
Altındağ"
387,ZARA MOTORS DAN HATASIZ 1.4 FİRE LPG+PARK SENSÖRÜ FULL+FULL,442.750 TL,"14 Ocak
2023","İstanbul
Esenyurt"
388,BAYKAR'DAN HATASIZ 2019 EGEA SW 1.6 START&STOP URBAN PLUS DCT,512.000 TL,"14 Ocak
2023","Ankara
Akyurt"
389,FİAT EGEA 2018 MODEL 1.3 MULTİJET EASY STİL ORJİNAL 75.BİN KM DE,416.500 TL,"14 Ocak
2023","İstanbul
Küçükçekmece"
390,"FIAT BAYİ'DEN FIAT EGEA URBAN PLUS 1.3 M.JET (1.99-48 AY)
Yetkili Bayi",520.000 TL,"14 Ocak
2023","Mersin
Toroslar"
391,TAV MOTORS'DAN FİAT EGEA HİBRİT URBAN,652.900 TL,"14 Ocak
2023","İstanbul
Gaziosmanpaşa"
392,İLK SAHİBİNDEN ALINMA HATASIZ BOYASIZ 2020 MODEL EGEA 1.4 MİRROR,455.000 TL,"14 Ocak
2023","Hatay
İskenderun"
393,Acil satılık temiz Egea,412.000 TL,"14 Ocak
2023","Kocaeli
Başiskele"
394,GÜNLÜK HAFTALIK AYLIK FiLOĶİRALAMA ERYAMAN OTOMOTİV ( kurumsal ),349 TL,"14 Ocak
2023","Ankara
Çankaya"
395,orijinal bakımlar yetkili serviste yapıldı,550.000 TL,"14 Ocak
2023","Zonguldak
Çaycuma"
396,sıfır araba 1001 km istanbul esenler,469.000 TL,"14 Ocak
2023","İstanbul
Esenler"
397,SAHİBİNDEN 2016 1.6Mjet 146.000KM LOUNGE OTOMATİK,460.000 TL,"14 Ocak
2023","İstanbul
Maltepe"
398,İLK SAHİBİNDEN 1.4 EASY PLUS ÇELİK JANT PAKETLİ,510.000 TL,"14 Ocak
2023","Tekirdağ
Süleymanpaşa"
399,MERT AUTO'DAN DİZEL+OTOMATİK BOYASIZ DEĞİŞENSİZ ÇLK JNT+DÜŞÜK KM,405.000 TL,"14 Ocak
2023","Şırnak
Cizre"
400,Hatasız boyasız tramersiz,440.000 TL,"14 Ocak
2023","Konya
Yunak"
401,██ 2022 FİAT EGEA SEDAN 1.4 FİRE EASY OKYANUS MAVİ,472.900 TL,"14 Ocak
2023","Ankara
Pursaklar"
402,SPOR HOCASINDAN ACİL SATILIK,549.500 TL,"14 Ocak
2023","İstanbul
Pendik"
403,"İlk sahibinden hatasız, boyasız, değişensiz Egea Cross Lounge",595.000 TL,"14 Ocak
2023","Bursa
Osmangazi"
404,██ 2022 FİAT EGEA CROSS 1.4 FİRE STREET,523.900 TL,"14 Ocak
2023","Ankara
Pursaklar"
405,HATASIZ TEMİZLİKTE FUL PAKET 55 BİN KMDE URBAN PLUSS,440.000 TL,"14 Ocak
2023","Mersin
Tarsus"
406,ilk sahibinden hatasız boyasız,467.000 TL,"14 Ocak
2023","İzmir
Aliağa"
407,İnci Miror,488.000 TL,"14 Ocak
2023","Mersin
Tarsus"
408,İlk sahibinden tertemiz,430.000 TL,"14 Ocak
2023","Mardin
Yeşilli"
409,SIFIR AYARINDA,485.000 TL,"14 Ocak
2023","Ankara
Altındağ"
410,hatasız boyasız,405.000 TL,"14 Ocak
2023","İstanbul
Kağıthane"
411,,,,
412,FİAT EGEA 1.3 MULTİJET 2018 MODEL TAKSİ ÇIKMASI.,255.000 TL,"14 Ocak
2023","Kocaeli
Çayırova"
413,SATILIK TEMIZ FİAT EGEA 1.3 MULTIJET EASY PAKET,310.000 TL,"14 Ocak
2023","Aydın
Didim"
414,2022 MDL HATASIZ BOYASIZ HASAR KAYITSIZ 1.3 EASY EGEA,512.500 TL,"14 Ocak
2023","Kahramanmaraş
Onikişubat"
415,sahibinden sıfır ayarında bakımlı masrafsız,495.000 TL,"13 Ocak
2023","Manisa
Turgutlu"
416,FİAT EGEA 1.3 M.JET2 2020 MODEL BOYASIZ DEĞİŞENSİZ TRAMERSİZ,447.750 TL,"13 Ocak
2023","Çorum
Merkez"
417,"""KOÇAK VİP GROUP""2016+EGEA+­BAKIMLI+HATASIZ+­EKSTRALI+215.000 KM",349.750 TL,"13 Ocak
2023","İstanbul
Bağcılar"
418,Otomatik araç alacağım İçin satıyorum,401.000 TL,"13 Ocak
2023","Kocaeli
Gölcük"
419,İlk sahibinden hatasız Egea,443.000 TL,"13 Ocak
2023","İstanbul
Beyoğlu"
420,Hatasız Boyasız Egea Cross Sıfır Ayarında. Krediye uygundur.,760.000 TL,"13 Ocak
2023","Ankara
Yenimahalle"
421,Sahibinden hatasız boyasız Urban paket,550.000 TL,"13 Ocak
2023","Diyarbakır
Bağlar"
422,Sahibinden satılık fiat egea.,390.000 TL,"13 Ocak
2023","İstanbul
Kağıthane"
423,FATİH AYDOĞMUŞ'DAN 2019 MODEL FİAT EGEA 1.6 DİZEL..OTOMATİK..,465.000 TL,"13 Ocak
2023","Denizli
Sarayköy"
424,2016 DEĞİŞENSİZ DÜŞÜK KM. EGEA,355.000 TL,"13 Ocak
2023","Zonguldak
Devrek"
425,temiz aile aracı,438.000 TL,"13 Ocak
2023","Adana
Seyhan"
426,2021 FULL URBAN HATASIZ 20.000 KM,580.000 TL,"13 Ocak
2023","Ankara
Yenimahalle"
427,1.6 Multijet 120hp urban plus,410.000 TL,"13 Ocak
2023","İstanbul
Büyükçekmece"
428,2020 Model 82 Binde Urban Plus Full + Full Boyasız,545.000 TL,"13 Ocak
2023","Kocaeli
Çayırova"
429,SAHİBİNDEN Özel Renk Egea Cross Lounge Plus + Güvenlik Paket,735.000 TL,"13 Ocak
2023","İstanbul
Ataşehir"
430,servis bakımlı +50 bin km garanti uzayılmış,475.000 TL,"13 Ocak
2023","İstanbul
Sultangazi"
431,hatasız boyasız 80 binde yeni muayeneli aracım satılıktır,410.000 TL,"13 Ocak
2023","Bursa
Gemlik"
432,HATASIZ BOYASIZ TRAMERSİZ,540.000 TL,"13 Ocak
2023","Karabük
Merkez"
433,"FABRİKASYON LPG Lİ, BOYASIZ DEĞİŞENSİZ MİRROR",448.000 TL,"13 Ocak
2023","Samsun
Canik"
434,acil ev icin.Bayandan kazasız degisensiz düşük km egea,475.000 TL,"13 Ocak
2023","İzmir
Karabağlar"
435,Fiat Egea Orjinal Km,314.999 TL,"13 Ocak
2023","Tekirdağ
Çorlu"
436,2023/1 MTV Sİ ÖDENDİ 2017 MODEL TEMİZ BAKIMLI,356.950 TL,"13 Ocak
2023","İstanbul
Bakırköy"
437,ÇALIŞGANLAR DAN 2017 Fiat Egea 1.3 M.JET EASY,335.000 TL,"13 Ocak
2023","Antalya
Aksu"
438,Kazası darbesi yok.. Ekstraları çok.. 5 lastik yeni...SON FİYAT!,490.000 TL,"13 Ocak
2023","Gaziantep
Şahinbey"
439,SAHİBİNDEN FİAT EGEA 1.4 FİRE URBAN 2022,525.000 TL,"13 Ocak
2023","Ankara
Yenimahalle"
440,ŞAH OTOMOTİV 2021 FİAT EGEA 1.4 URBAN PLUS HATASIZ 16.500 km,458.000 TL,"13 Ocak
2023","Elazığ
Merkez"
441,SAHİBİNDEN HATASIZ TERTEMİZ GARAJ ARACI ORJİNAL 111.000 KM'DE,405.000 TL,"13 Ocak
2023","İstanbul
Kadıköy"
442,MEMURDAN OTOMATİK EGEA,384.500 TL,"13 Ocak
2023","İstanbul
Bağcılar"
443,EGEMEN OTOMATİK EGEA DİZEL,350 TL,"13 Ocak
2023","Adana
Seyhan"
444,Hatasız boyosız büyük ekran LPG sadece 11 bindedir,492.500 TL,"13 Ocak
2023","Kayseri
Melikgazi"
445,-2022-URBAN 1.4 SERVİS LPG'Lİ HATASIZ BOYASIZ,489.900 TL,"13 Ocak
2023","İstanbul
Ümraniye"
446,YHZ CAR FİAT EGEA,400 TL,"13 Ocak
2023","Bursa
Nilüfer"
447,POYRAZ'DAN-FİAT-EG­EA-1.3-EASY-MULTİJE­T-%70-KREDİ-İMKANI,335.000 TL,"13 Ocak
2023","Düzce
Akçakoca"
448,Öğretmen Temiz Bakımlı,595.000 TL,"13 Ocak
2023","Erzurum
Tekman"
449,2017 FİAT EGEA 1.6 MULTİJET COMFORT - OTOMATİK- DİZEL-AİLE ARACI,428.500 TL,"13 Ocak
2023","Bursa
Gemlik"
450,Memurdan Tertemiz Aile Arabası Egea,410.000 TL,"13 Ocak
2023","Ankara
Çankaya"
451,SAHİBİNDEN 2022 EGEA 1.4 URBAN,493.500 TL,"13 Ocak
2023","Eskişehir
Tepebaşı"
452,Sahibinden Temiz Egea,455.000 TL,"13 Ocak
2023","Zonguldak
Kozlu"
453,TERTEMİZ ACİL SATILIK EKSTRALI,484.000 TL,"13 Ocak
2023","İstanbul
Esenyurt"
454,Hatasız boyasızz cross,551.000 TL,"13 Ocak
2023","Muş
Merkez"
455,SAĞLIKÇIDAN HATASIZ FİAT EGEA,442.500 TL,"13 Ocak
2023","Konya
Selçuklu"
456,2022 EGEA LPG HATASIZ SIFIR AYARINDA,478.800 TL,"13 Ocak
2023","Manisa
Alaşehir"
457,KD MOTORS 2022 URBAN 16BİN KM BOYASIZ H.KAYITSIZ ÇİZİKSİZ,499.000 TL,"13 Ocak
2023","Adana
Ceyhan"
458,SAHİBİNDENN FULL BAKIMLI-TRAMERSİZ-­BOYASIZ-DEĞİŞENSİZ EGEAAA..!!,452.000 TL,"13 Ocak
2023","Kahramanmaraş
Onikişubat"
459,VAVACARS'TAN GARANTİLİ 2021 FIAT EGEA-EASY,522.000 TL,"13 Ocak
2023","İstanbul
Maltepe"
460,Hatasız boyasız acil satılık,465.000 TL,"13 Ocak
2023","Ankara
Yenimahalle"
461,Çok Temiz Urban Plus,542.000 TL,"13 Ocak
2023","Aksaray
Merkez"
462,İlk sahibinden sıfır ayarında temiz egea memurdan satılık,460.000 TL,"13 Ocak
2023","Uşak
Merkez"
463,Memurdan sıfır ayarında 28700 km de Egea,510.000 TL,"13 Ocak
2023","Batman
Merkez"
464,Fiat Egea Cross Hatasız Boyasız 6001 km de,530.000 TL,"13 Ocak
2023","İzmir
Bornova"
465,Sahibinden 2019 model 82bin km'de emsalsiz temizlikte,473.850 TL,"13 Ocak
2023","İstanbul
Kartal"
466,ilk sahibinden Beyaz incim değişen siz hasar kayıtsız boyasiz,475.000 TL,"13 Ocak
2023","Manisa
Soma"
467,RENKLİ OTO KİRALAMADAN FİAT EGEA,450 TL,"13 Ocak
2023","Mersin
Yenişehir"
468,2018 EGEA URBAN OTOMATİK LED 115.000 KM DE,422.000 TL,"13 Ocak
2023","Ankara
Akyurt"
469,POLİS MEMURUNDAN DEGİŞENSİZ-BOYASIZ GARANTİLİ EGEA,403.000 TL,"13 Ocak
2023","Konya
Karatay"
470,Buğra'dan Servis Bakımlı Fiat Egea,349.900 TL,"13 Ocak
2023","Ankara
Mamak"
471,İlk sahibinden Tertemiz!,459.000 TL,"13 Ocak
2023","İzmir
Bayraklı"
472,BOSTANCI AUTODAN EGEA HASAR KAYITSIZ,365.000 TL,"13 Ocak
2023","İstanbul
Silivri"
473,SAHİBİNDEN SIFIR AYARINDA BONCUK,515.000 TL,"13 Ocak
2023","Gaziantep
Nizip"
474,2018 EGEA 1.6 Mjet OTOMATİK - LOUNGE PLUS - 68 BİN KM,482.500 TL,"13 Ocak
2023","Bursa
Nilüfer"
475,"2017 MODEL FİAT EGEA 1,3 MULTİJET 95",320.000 TL,"13 Ocak
2023","Mardin
Artuklu"
476,2017 MODEL HASAR KAYITSIZ,395.000 TL,"13 Ocak
2023","Gaziantep
Şehitkamil"
477,2021 HATASIZ ORJINAL 5000 KM,560.000 TL,"13 Ocak
2023","Ankara
Çankaya"
478,ERBEY'DEN BOYASIZ HATASIZ TRAMERSİZ URBAN PLAS GARANTİSİ DEVAM,476.000 TL,"13 Ocak
2023","Sinop
Boyabat"
479,sahibinden hatasız boyasız egea,495.000 TL,"13 Ocak
2023","Sakarya
Erenler"
480,Sahibinden Tertemiz,450.000 TL,"13 Ocak
2023","Kocaeli
Kartepe"
481,2016 MODEL EASY 1.3 AİLE ARACI,315.000 TL,"13 Ocak
2023","İstanbul
Sultangazi"
482,1.3 URBAN EGEA,455.000 TL,"13 Ocak
2023","Bursa
Nilüfer"
483,FALEZ OTOMOTİV DEN 2017 FİAT EGEA 1.3 MULTİJET EASY,347.900 TL,"13 Ocak
2023","Antalya
Muratpaşa"
484,SERAMİK KAP.+ÇELİK JANT+CAM FİLMİ+KAPUT KORUMA+GERİ GÖRÜŞ+SIFIR,495.000 TL,"13 Ocak
2023","Tekirdağ
Malkara"
485,MY GARAJ DAN 2020 MODEL DEĞİŞENSİZ URBAN PLUS EGEA,444.000 TL,"13 Ocak
2023","Tokat
Merkez"
486,Fiat Egea nokta hatasız,465.000 TL,"13 Ocak
2023","Balıkesir
Bandırma"
487,ADAŞAH'TAN 125000₺ PEŞİN AYDA 11000₺ 2018 EGEA EASY PLUS OTMATK,405.000 TL,"13 Ocak
2023","Sakarya
Serdivan"
488,2020 SIFIR GİBİ EGEA EASY 1.3 M.JET HATASIZ BOYASIZ 43'binKMDE,480.000 TL,"14 Ocak
2023","Denizli
Merkezefendi"
489,2022model sahibinden,532.000 TL,"13 Ocak
2023","Düzce
Merkez"
490,2019 EGEA S-DESİNG 1.6 DİZEL OTOMATİK FULL SATILIK OTOMOBİL,650.000 TL,"13 Ocak
2023","Yalova
Merkez"
491,KAMPANYA VAAR HATASIZ EGEA CROSS,529.000 TL,"13 Ocak
2023","Konya
Meram"
492,FİAT EGEA 1.3 MULTİJET URBAN BEYAZ 149.000 KM DE,339.750 TL,"13 Ocak
2023","İstanbul
Kadıköy"
493,2022 EGEA 1.4 EASY PLUS 8.000KM %18 FATURALI BOYASIZ,488.900 TL,"14 Ocak
2023","İstanbul
Bağcılar"
494,Sahibinden temiz egea,350.000 TL,"13 Ocak
2023","Ankara
Yenimahalle"
495,,,,
496,2021 MODEL HATASIZ//BOYASIZ EGEA CROSS URBAN 1.4 URBAN,535.000 TL,"14 Ocak
2023","Bursa
Osmangazi"
497,Fiat egea 1.4 fire easy,410.000 TL,"13 Ocak
2023","Malatya
Battalgazi"
498,2017 EGEA 1.3MULTİJET 95HP EASY DEĞİŞENSİZ EMSALSİZ,347.500 TL,"13 Ocak
2023","Denizli
Çal"
499,2021 FIAT EGEA 1.4 FIRE URBAN PLUS 39.500 KM HATASIZ,535.000 TL,"14 Ocak
2023","Ankara
Akyurt"
500,Hatasız 2018 çıkışlı.,385.000 TL,"13 Ocak
2023","Batman
Sason"
501,"FIRAT'TAN -BOYASIZZ 2021 FİAT EGEA CROSS 1,4 FİRE - 27.000 KM .!",495.000 TL,"13 Ocak
2023","İzmir
Buca"
502,2017 EGEA URBAN 1.3 DİZEL SATILIK OTOMOBİL,415.000 TL,"13 Ocak
2023","Yalova
Merkez"
503,2020 EGEA SIFIR 8.000KM 1.4 MİRROR EN FULL PAKET 95 PS HATASIZ..,550.000 TL,"13 Ocak
2023","Muğla
Fethiye"
504,memurdan satılık orijinal egea,450.000 TL,"13 Ocak
2023","Ankara
Çankaya"
505,memurdan 2020 model dizel otomatik fiat egea,615.000 TL,"13 Ocak
2023","Çanakkale
Merkez"
506,2020 EGEA HATASIZ BOYASIZ EKSTRALII,425.000 TL,"13 Ocak
2023","Balıkesir
İvrindi"
507,FULL FULL SİNİFİNDA TEK,790.000 TL,"13 Ocak
2023","Balıkesir
Burhaniye"
508,Lansman rengi araç satışta,335.000 TL,"13 Ocak
2023","Kocaeli
Gebze"
509,!!! HATASIZ BOYASIZ CAM GİBİ EGEA !!!,480.000 TL,"13 Ocak
2023","Malatya
Yeşilyurt"
510,sıfır ayarında nokta hata yok.,573.000 TL,"13 Ocak
2023","İstanbul
Arnavutköy"
511,2019 MODEL-HATA-BOYA-D­EGİŞEN-TRAMER-YOK 89BINKM %18FATURALI,486.500 TL,"14 Ocak
2023","İstanbul
Ümraniye"
512,SAHİBİNDEN GARAJ ARABASI,492.500 TL,"13 Ocak
2023","İstanbul
Sultangazi"
513,İLK SAHİBİNDEN 2018 EGEA URBAN 40bin km,420.000 TL,"13 Ocak
2023","İzmir
Bergama"
514,- DMR - 2015 FIAT EGEA - EKSTRALI - 1.3 MULTIJET2,357.500 TL,"13 Ocak
2023","Eskişehir
Odunpazarı"
515,GÖRKEM OTOMOTİV BEYAZ 2018 FİAT EGEA EASY PLUS 1.6 DİZL OTOMATK,439.950 TL,"13 Ocak
2023","Mersin
Erdemli"
516,Temiz bakımlı egea,353.000 TL,"13 Ocak
2023","Ankara
Kahramankazan"
517,SIFIRINDAN FARKI YOK,550.000 TL,"13 Ocak
2023","İstanbul
Çekmeköy"
518,"TEKNAK OTO'DAN 2022 MODEL FIAT EGEA CROSS 1.6 MJET URBAN DCT
Yetkili Bayi",715.900 TL,"13 Ocak
2023","Balıkesir
Altıeylül"
519,ÇINAR AUTO'dan 2017 MODEL 144.000 KM'DE FİAT EGEA 1.3 EASY,285.000 TL,"13 Ocak
2023","Kilis
Merkez"
520,AUTOCAROTOMOTİV DEN,710.000 TL,"13 Ocak
2023","Elazığ
Kovancılar"
521,HATASIZ - BOYASIZ - TRAMERSİZ - 1.4 FİRE - URBAN,499.000 TL,"13 Ocak
2023","Ankara
Akyurt"
522,Otokoç 2.El Kütahya'dan 2017 Dizel Manuel Egea,384.250 TL,"13 Ocak
2023","Eskişehir
Tepebaşı"
523,DEMİREZEN OTOMOTİV'DEN 2017 EGEA URBAN-77.000 KM-GERİ GÖRÜŞ-LPG,402.000 TL,"13 Ocak
2023","Kayseri
Kocasinan"
524,UÇANKUŞ OTOMOTİV'DEN 2018 EGEA 1.4 FİRE EASY HATASIZZ,405.000 TL,"14 Ocak
2023","İzmir
Gaziemir"
525,YACARS TAN TRAMERSIZ 1.3 EGEA URBAN TABLET EKRAN + KAMERA,409.900 TL,"13 Ocak
2023","Bolu
Merkez"
526,2019 ORİJİNAL 76 BİN KM GARANTİLİ 1.6 M-JET EGEA EASY OTOMATİK,475.850 TL,"13 Ocak
2023","İstanbul
Pendik"
527,1.6 MULTİJET URBANPLUS TABLET EKRAN 90.000 KM BOYASIZ ÇİZİKSİZ,519.950 TL,"13 Ocak
2023","Aksaray
Merkez"
528,2018 EGEA 1.4 EASY PLUS LPGLİ HATASIZ+BOYA­SIZ+KAYITSIZ,397.500 TL,"13 Ocak
2023","Kütahya
Merkez"
529,2022 EGEA FATURALI,485.000 TL,"13 Ocak
2023","Bursa
Osmangazi"
530,Metal2 Fiat Egea 1.3 MultiJet Easy - 2022,590.000 TL,"13 Ocak
2023","İstanbul
Ataşehir"
531,Hatasız Boyasız 58.000 KM de,440.000 TL,"13 Ocak
2023","Antalya
Alanya"
532,Sahibinden,395.000 TL,"13 Ocak
2023","Ankara
Polatlı"
533,TERTEMİZ 2020 EGEA!!,412.000 TL,"13 Ocak
2023","Iğdır
Merkez"
534,Fiat Egea orijinal,495.000 TL,"13 Ocak
2023","Adıyaman
Kahta"
535,*AUTO LORD* 2017 MODEL FİAT EGEA DİZEL EASY. MAN. KM 193.000 BİN,379.000 TL,"14 Ocak
2023","Konya
Karatay"
536,sahibinden hatasız,428.000 TL,"13 Ocak
2023","Balıkesir
İvrindi"
537,2022 model egea 1.4,472.000 TL,"13 Ocak
2023","Bursa
Osmangazi"
538,2020 FİAT EGEA 1.3 MULTİJET EASY ADBLUE & GENİŞ EKRAN&START STOP,414.900 TL,"13 Ocak
2023","Ankara
Akyurt"
539,HATASIZ AYARINDA EGEA,336.000 TL,"13 Ocak
2023","Isparta
Merkez"
540,HATASIZ BOYASIZ EN DOLUSU,587.000 TL,"13 Ocak
2023","Konya
Beyşehir"
541,2022 EGEA 1.4 FİRE EASY ÖZEL RENK ÇİZİKSİZ BOYASIZ GARANTİLİ,469.000 TL,"13 Ocak
2023","Ankara
Akyurt"
542,GRİ MOTORS-2016 EGEA 1.6MJET LOUNGE PLUS*ÇARPIŞMA ÖNLEME*MASAJ*,487.500 TL,"13 Ocak
2023","İstanbul
Bağcılar"
543,2022 model egeye poşetleri üstunde sıfır. isteyene,547.500 TL,"13 Ocak
2023","Adana
Seyhan"
544,FİAT EGEA 2018 1.3 MULTİJET 135 binde KAYITSIZZ,234.750 TL,"13 Ocak
2023","Ankara
Sincan"
545,2017 DİZEL OTOMATİK YAKIT CİMRİSİ EGEA,420.000 TL,"13 Ocak
2023","Giresun
Merkez"
546,BATURLAR'DAN | EGEA 1.6 M.JET EASY | 96.200 KM |1.85 FAİZ 48 AY,473.750 TL,"13 Ocak
2023","Antalya
Kepez"
547,ARKAS KARŞIYAKA 2017 FİAT EGEA 1.3 MJ EASY 134.040 KM.,368.000 TL,"13 Ocak
2023","İzmir
Karşıyaka"
548,ÖZ AKDENİZ OTOMOTİV'DEN 2017 MODEL FİAT EGEA 1.3 EASY,369.950 TL,"14 Ocak
2023","Bursa
Osmangazi"
549,_FEMEKS MOTORS_2017 DEĞİŞENSİZ/TRAM­ERSİZ/175.000KM,355.000 TL,"13 Ocak
2023","İzmir
Gaziemir"
550,SAHIBINDEN 2018 1.3 M.JET DEGİSENSİZ,385.000 TL,"13 Ocak
2023","Antalya
Kepez"
551,2017 211BİN KM DE FİAT EGEA 1.3mutijet,305.000 TL,"13 Ocak
2023","Bursa
Osmangazi"
552,Hatasız Servis Bakımlı,455.000 TL,"13 Ocak
2023","Kocaeli
İzmit"
553,MERT AUTO'DAN 2022 FİAT 1.4 FİRE EASY PLUS BOYASIZ 14.000 KM'DE,471.000 TL,"13 Ocak
2023","Kayseri
Kocasinan"
554,CARCENTERDEN KAZASIZ BOYASIZ İÇİ DIŞI SIFIRDAN FARKSIZ FUL,499.750 TL,"13 Ocak
2023","İzmir
Gaziemir"
555,"TRAMERSİZ,KAZASIZ 1 PARÇA LOKAL BOYALI 2018 BAYİ ÇIKIŞLI URBAN",411.950 TL,"13 Ocak
2023","İstanbul
Bahçelievler"
556,GÖKHAN AUTODAN 2019 EGEA 1.4 FİRE EASY.BOYASIZ.90.BİN KM LPG'Lİ,399.000 TL,"13 Ocak
2023","Kayseri
Kocasinan"
557,BZMMOTORS EGEA SEDAN 1.3 MJ EASY 95 HP 2020 MDL 92.190KM,420.000 TL,"13 Ocak
2023","İstanbul
Sarıyer"
558,FİAT EGEA HATASIZ YETKİLİ SERVİS BAKIMLI,397.000 TL,"13 Ocak
2023","Tokat
Merkez"
559,Sahibinden 2018 model 118500 Kg Otomatik,435.000 TL,"13 Ocak
2023","İstanbul
Sarıyer"
560,2019 FİAT EGEA 1.6 MultiJet EASY DCT 120HP 97.000KM BOYASIZ,540.000 TL,"14 Ocak
2023","İstanbul
Bağcılar"
561,TEMİZ AİLE ARACI 2020 FİAT EGEA,458.000 TL,"13 Ocak
2023","İzmir
Bergama"
562,TRUVA'DAN 2020 MODEL 99 BİN KMDE 1.3 DİZEL EGEA EASY,390.000 TL,"14 Ocak
2023","İstanbul
Sancaktepe"
563,2022 FIAT EGEA1.4 EGEA FİRE HATASIZ BOYASIZ 6120 KM DE,486.000 TL,"13 Ocak
2023","Aksaray
Merkez"
564,HATASIZ BOYASIZ 2017 MODEL,362.500 TL,"13 Ocak
2023","Samsun
Çarşamba"
565,HATASIZ / BOL EXTRALI / YENİ EKRAN.JANT.S İS.PARK.vb.,529.999 TL,"13 Ocak
2023","Afyonkarahisar
Merkez"
566,İlk Sahibinden Memurdan Bakımlı 2021 EGEA EASY PLUS,399.000 TL,"13 Ocak
2023","Mersin
Tarsus"
567,2016 EGEA 1.3 DİZEL 95BP EASY,388.000 TL,"13 Ocak
2023","Manisa
Şehzadeler"
568,"'ALİ UĞURLU FIAT 2019 EGEA 1.6 E-Torq OTM. EASY 110 HP / HATASIZ
Yetkili Bayi",500.900 TL,"13 Ocak
2023","Ankara
Mamak"
569,HASAR KAYITSIZ EGEA 1.6 E-Torq URBAN OTOMATİK VİTES LPG'Lİ,396.000 TL,"13 Ocak
2023","Hatay
Antakya"
570,ŞİMŞEK OTOMOTİVDEN 2020 FIAT EGEA 1.6 URBAN PLUS % 18 KDV' Lİ,435.000 TL,"14 Ocak
2023","İstanbul
Eyüpsultan"
571,2019 FİAT EGEA 1.3 MULTİJET EASY,410.000 TL,"13 Ocak
2023","Ankara
Çankaya"
572,"FİAT ANA BAYİİ EFSANE GEBZE 2022 EGEA SEDAN 1.6 EASY DCT 130 HP
Yetkili Bayi",625.000 TL,"13 Ocak
2023","Kocaeli
Gebze"
573,33 BİN KM DE LPG Lİ HATASIZ DEĞİŞENSİZ,415.000 TL,"13 Ocak
2023","Muğla
Ortaca"
574,KENAN OTOMOTİV FİAT EGEA EASY PLAS DİZEL 137. KM HASARSIZ,374.000 TL,"13 Ocak
2023","Batman
Merkez"
575,İLK SAHIBINDEN 2018 FIAT EGEA 1.6 M.JET DCT URBAN,410.000 TL,"13 Ocak
2023","Ankara
Çankaya"
576,Fiat Egea 1.3 M.JET 95HP EASY-2022,566.750 TL,"13 Ocak
2023","İstanbul
Kartal"
577,Sahibinden satılık temiz Egea,380.000 TL,"13 Ocak
2023","Ankara
Çankaya"
578,Acill son fiyat !!!,442.000 TL,"13 Ocak
2023","Kırklareli
Babaeski"
579,Acil satılık temiz Egeaa,375.000 TL,"13 Ocak
2023","Mardin
Artuklu"
580,Hatasız boyasız bayiden çıktığı gibi sıfırrr,515.000 TL,"13 Ocak
2023","Hatay
İskenderun"
581,BAYRAK OTOMOTİV'DEN 2020 MODEL FİAT EGEA 1.3MULTİJET EASY PAKET,452.000 TL,"13 Ocak
2023","İstanbul
Büyükçekmece"
582,ADA KAR RENTA CAR,550 TL,"13 Ocak
2023","Sakarya
Adapazarı"
583,HATASIZ BOYASIZ EGEA OTOMATİK,685.000 TL,"13 Ocak
2023","Konya
Karatay"
584,SAHİBİNDEN TEMİZ GARANTİLİ,443.000 TL,"13 Ocak
2023","İstanbul
Çekmeköy"
585,2016 EGEA 1.4 URBAN İlk sahibinden 45000 km,420.000 TL,"13 Ocak
2023","Ankara
Yenimahalle"
586,ATO-CAR'DAN 2022 EGEA SEDAN 1.0 FİREFLY 100HP LOUNGE GÜV.PK.,539.500 TL,"13 Ocak
2023","Gaziantep
Şehitkamil"
587,2021 HATA BOYA DEĞİŞEN HASAR KAYDI YOK ÇİZİK GÖÇÜK YOK 43 BİN KM,457.500 TL,"13 Ocak
2023","Adıyaman
Merkez"
588,MYCAR AUTO GALLERY 2021 FİAT EGEA DİZEL,437.500 TL,"13 Ocak
2023","Ordu
Fatsa"
589,GEÇMEZ AUTO'dan EMSALSIZ TEMİZLİKTE FİAT EGEA,380.000 TL,"13 Ocak
2023","Diyarbakır
Bağlar"
590,1.96 Faiz Oranı İle - Fiat Egea 1.4 Fire Urban Plus,460.000 TL,"13 Ocak
2023","İstanbul
Maltepe"
591,2018 HATASIZ KAYITSIZ CAM GİBİ BAKIMLI,365.000 TL,"14 Ocak
2023","Antalya
Kepez"
592,"DOĞAN OTOMOTİV""DEN EGEA LOUNGE PLUS 17.500 KM""DE HATASIZ",572.000 TL,"13 Ocak
2023","Bursa
Osmangazi"
593,TARKAN'DAN 125 BİN PEŞİNLE 2018 EGEA EASY Y.KALKIŞ + G.FARI 95HP,357.900 TL,"13 Ocak
2023","İstanbul
Ataşehir"
594,"Otokoç 2.EL Konya'dan 2021EGEA, 1.4 FIRE BZ 95 HP CROSS URBAN",549.250 TL,"13 Ocak
2023","Konya
Selçuklu"
595,SAHİBİNDEN TEMİZ EGEA HB,410.000 TL,"13 Ocak
2023","Samsun
Atakum"
596,Bayiden çıktığı gibi sıfırrr,455.000 TL,"13 Ocak
2023","Hatay
İskenderun"
597,-KAYHANLAR-2018 EGEA 1.6DİZEL OTOMATİK BOYASIZ 115.000KM,454.000 TL,"13 Ocak
2023","Ankara
Çankaya"
598,Temiz Hatasız 2016 Model Urban,418.000 TL,"13 Ocak
2023","Çankırı
Merkez"
599,Emsalsiz temizlikte,485.000 TL,"13 Ocak
2023","Şanlıurfa
Haliliye"
600,ARSLAN MOTORS'TAN 2022 MODEL FİAT EGEA EASY HATASIZ,725.000 TL,"14 Ocak
2023","Batman
Merkez"
601,2019 MODEL FIAT EGEA EASY 1.3 M.JET DİZEL,420.000 TL,"13 Ocak
2023","İstanbul
Maltepe"
602,105 BİNDE 2019 FİAT EGEA EASY 1.6 MJET 120 BG DCT / ÜNSAN,535.750 TL,"14 Ocak
2023","İzmir
Buca"
603,MZÇ AUTO'DAN HATASIZ BOYASIZ SIFIRDAN FARKSIZ,525.000 TL,"13 Ocak
2023","Şanlıurfa
Karaköprü"
604,Temiz fırsat aracı,355.000 TL,"13 Ocak
2023","Bayburt
Merkez"
605,ETİMESGUT YAĞIZ rent a Car dan egea dizel - 7 GÜN AL 6 GÜN ÖDE,400 TL,"13 Ocak
2023","Ankara
Etimesgut"
606,HATASIZ BOYASIZ 2017 Egea Easy plus,367.000 TL,"13 Ocak
2023","Kırklareli
Merkez"
607,HATASIZ BOYASIZ LOUNGE,620.000 TL,"13 Ocak
2023","Çanakkale
Merkez"
608,memurdan hatasız 2020 model egea,438.000 TL,"13 Ocak
2023","Erzurum
Palandöken"
609,2019 FIAT Egea 1.6 MultiJet Easy DCT,450.000 TL,"13 Ocak
2023","İstanbul
Ataşehir"
610,Hatasız bakımlı,524.000 TL,"13 Ocak
2023","İstanbul
Başakşehir"
611,2017 FİAT EGEA 1.3 M.JET EASY 85.000 KM BOYASIZ %18 FATURA,420.000 TL,"13 Ocak
2023","İstanbul
Kadıköy"
612,ÇIN ÇIN'DA+HATASIZ­+BOYASIZ+ÇİZİ­KSİZ+2022+EGEA CROSS,582.990 TL,"13 Ocak
2023","Antalya
Manavgat"
613,SEAT SKODA YETKİLİ BAYİSİNDEN DİZEL OTOMATİK EGEA,495.900 TL,"13 Ocak
2023","İstanbul
Kadıköy"
614,2022 BOYASIZ+12.000 KM+CRUS KONTROL+TABLET EKRAN+SİS FARI,534.000 TL,"13 Ocak
2023","İstanbul
Kadıköy"
615,ilk sahibinden orijinal hatasız,430.000 TL,"13 Ocak
2023","Kırşehir
Kaman"
616,"Urban paket, 2022 model, Extralı, Tablet ekran, 2500 km Araç",380.000 TL,"13 Ocak
2023","İstanbul
Bakırköy"
617,BOYASIZ...34 BİNDE...EGEA...1.6 URBAN...OTOMATİK VİTES,514.750 TL,"13 Ocak
2023","Karabük
Safranbolu"
618,HATASIZ - 2022 MODEL FİAT EGEA CROSS 1.4 FİRE URBAN,567.000 TL,"13 Ocak
2023","Rize
Çayeli"
619,"Otokoç 2.EL Konya'dan 2018 EGEA, 1.3 MJET 95 HP EU6 EASY",396.250 TL,"13 Ocak
2023","Konya
Selçuklu"
620,,,,
621,Kurumsal Kampanya 2020 Dizel-Manuel Fiat Egea Aylık 11.000₺,11.000 TL,"13 Ocak
2023","İstanbul
Pendik"
622,2022 MODEL & TABLET EKRAN & DİJİTAL KLİMA,517.000 TL,"13 Ocak
2023","İstanbul
Esenyurt"
623,CENGİZ ARSLAN'DAN 2021 EASY EGEA TAKSİYE ÖZEL ANAHTAR TESLİM,489.900 TL,"13 Ocak
2023","İstanbul
Sancaktepe"
624,SAHİBİNDEN TERTEMİZ HATASIZ AZ KULLANILMIŞ EKSTRALI GARAJ ARACI,419.000 TL,"13 Ocak
2023","İstanbul
Sancaktepe"
625,Dizel Egea Değişensiz,365.000 TL,"13 Ocak
2023","Manisa
Şehzadeler"
626,FERROO GARAGE'dan 2017 EGEA OTOMATİK HATASIZ BOYASIZ,428.000 TL,"13 Ocak
2023","Ankara
Çankaya"
627,"Sahibinden ,hasar kayıtsız,boyas ız,değişensiz",410.000 TL,"13 Ocak
2023","Antalya
Konyaaltı"
628,Acil Sahibinden özel sipariş,455.000 TL,"13 Ocak
2023","Zonguldak
Ereğli"
629,"HATASIZ, BOYASIZ, HASAR KAYITSIZ, SEVRİS BAKIMLI",498.000 TL,"13 Ocak
2023","Ankara
Sincan"
630,HATASIZ - 2020 MODEL FİAT EGEA 1.3 MULTİJET EASY + %18 FATURALI,433.000 TL,"13 Ocak
2023","Rize
Çayeli"
631,MİDİLLİDEN URBAN EGEA,366.500 TL,"13 Ocak
2023","Bayburt
Merkez"
632,BAKIMLI MASRAFSIZ,327.500 TL,"13 Ocak
2023","Giresun
Bulancak"
633,2017 MODEL FİAT EGEA LOUNGE PLUS OTOMATİK VİTES HATASIZ,590.000 TL,"13 Ocak
2023","Hatay
Antakya"
634,İlk aracım ihtiyaçtan dolayı satılık,525.000 TL,"13 Ocak
2023","Batman
Merkez"
635,YÜCELER PLAZA'DA 2021 MODEL FİAT EGEA EASY 1.4 FİRE HATASIZZZ,461.000 TL,"13 Ocak
2023","İstanbul
Bağcılar"
636,"1.92 Faiz Oranı ile FIAT EGEA 1.3 MULTIJET EASY 95 HP
Yetkili Bayi",418.000 TL,"13 Ocak
2023","Kayseri
Kocasinan"
637,YENİ LOGO 2022 SIFIR AYARINDA FIAT EGEA 1.3 MJET II,529.000 TL,"13 Ocak
2023","İstanbul
Kadıköy"
638,97.900 km de Yetkili servis bakımlı,367.000 TL,"13 Ocak
2023","Kayseri
Melikgazi"
639,YENİ NESİL MOTORS FİAT EGEA EASY 2021 MODEL 56.***BİN KM HATASIZ,442.000 TL,"13 Ocak
2023","Mersin
Yenişehir"
640,HATASIZ 2021 EGEA CROSS URBAN SUV LPG Lİ LASMAN RENK,570.000 TL,"13 Ocak
2023","Erzurum
Aziziye"
641,SIFIR KOKUSU İÇİNDE,517.500 TL,"13 Ocak
2023","Antalya
Kepez"
642,CARDİL RENT A CAR SIFIR EGEA,350 TL,"13 Ocak
2023","İstanbul
Sultanbeyli"
643,Acil satılık ilk yetişen alır .tramersiz full paket,475.000 TL,"13 Ocak
2023","İstanbul
Şile"
644,İLK SAHİBİNDEN ÇOK TEMİZ EGEA URBAN PLUS,435.000 TL,"13 Ocak
2023","Aydın
Efeler"
645,"2022 MODEL 1.4 EGEA EASY PLUS - 7"" TABLET - 6 İLERİ",481.500 TL,"13 Ocak
2023","İzmir
Menemen"
646,"2017 EGEA 1.3 MULTIJET DEĞİŞENSİZ, HASAR KAYITSIZ",379.000 TL,"13 Ocak
2023","İzmir
Konak"
647,MEMURDAN TEMİZ BAKIMLI AİLE ARABASI,405.000 TL,"13 Ocak
2023","Malatya
Battalgazi"
648,RK OTO'DAN 2021 EGEA CROSS BENZİN MANUEL HATASIZ,542.000 TL,"13 Ocak
2023","İstanbul
Pendik"
649,İlk sahibinden ocak 2019 çıkışlı,425.000 TL,"13 Ocak
2023","Kocaeli
İzmit"
650,"SAHİBİNDEN 2021 MAKYAJLI,HATASIZ, BOYASIZ, DEĞİŞENSİZ TRAMERSİZ",455.000 TL,"13 Ocak
2023","Adıyaman
Besni"
651,HATASIZ BOYASIZ2020 EGEA TRAMERSİZ LPG İŞLİ,463.000 TL,"13 Ocak
2023","Yozgat
Boğazlıyan"
652,"FİRMADAN 2021 MODEL HATASIZ,BOYASIZ,%18 FATURALI SW EGEA URBAN",565.000 TL,"13 Ocak
2023","Ankara
Çankaya"
653,GÜRSES'TEN 2022 FİAT EGEA EASY 1.4 FİRE 95 HP AC,485.000 TL,"13 Ocak
2023","Antalya
Alanya"
654,-ARCARS-2022 FİAT EGEA TABLET EKRAN 1.4 EASY PLUS HATASIZ,503.000 TL,"13 Ocak
2023","İstanbul
Sancaktepe"
655,SÖNMEZ OTOMOTİV'DEN 2018 COMFORT OTOMATİK 102 BİN KM,442.900 TL,"13 Ocak
2023","Antalya
Alanya"
656,''ATA'' dan BOYASIZ TAM OTOMATİK SERVİS BAKIMLI URBAN PLUS EGEA,575.000 TL,"13 Ocak
2023","Aydın
Germencik"
657,OTOKOÇ 2.EL ATAŞEHİR'DEN 2022 FİAT EGEA,532.000 TL,"13 Ocak
2023","İstanbul
Ataşehir"
658,HATASIZ BOYASIZ SIFIRDAN FARKSIZ EGEA 1.4 EASY,425.000 TL,"13 Ocak
2023","Zonguldak
Merkez"
659,SAHİBİNDEN MASRAFSIZ,374.000 TL,"13 Ocak
2023","İstanbul
Gaziosmanpaşa"
660,2020-HATASIZ+ORJİ­NAL-FIAT-EGEA-1.3 MJET 95 HP EU5 URBAN PLUS,495.000 TL,"13 Ocak
2023","İstanbul
Tuzla"
661,METE AUTO'DAN SIFIR KM 2022 MODEL FİAT EGEA 1.4 FİRE EASY PLUS,478.000 TL,"13 Ocak
2023","Adıyaman
Merkez"
662,2020 URBAN PLUS 1.4 FİRE BENZİN LPG,465.000 TL,"13 Ocak
2023","Elazığ
Merkez"
663,SAHİBİNDEN HATASIZ ORİJİNAL,514.000 TL,"13 Ocak
2023","Ankara
Keçiören"
664,KAMPANYALI FİAT EGEA DİZEL لا تحتار ... أجر سيارتك من جاكوار,300 TL,"13 Ocak
2023","İstanbul
Esenyurt"
665,FİAT EGEA 2016 MODEL 1.6 MULTİJET URBAN OTOMATİK VİTES BAKIMLI,367.000 TL,"13 Ocak
2023","Kayseri
Kocasinan"
666,İlk sahibinden hatasız orjinal,495.000 TL,"13 Ocak
2023","Bursa
Nilüfer"
667,OTOMERKEZİN'DEN TAKAS KREDİLİ EGEA 1.6 MJET EASY 1.79 FAİZ ORANI,462.500 TL,"13 Ocak
2023","İstanbul
Maltepe"
668,sahibinden Egea 1.4 easy benzin&lpg,420.000 TL,"13 Ocak
2023","İstanbul
Üsküdar"
669,Fiyat pazartesiye kadar geçerli,269.000 TL,"13 Ocak
2023","Kahramanmaraş
Dulkadiroğlu"
670,İPEK AUTO Fiat Egea 1.5 T4 Hibrit Urban OTOMATİK,725.750 TL,"13 Ocak
2023","İzmir
Buca"
671,Sıfır ayarında egea,470.000 TL,"13 Ocak
2023","Adana
Çukurova"
672,"_OTOMONİ_ BOYASIZ,DEĞİŞENS İZ,TRAMERSİZ,OTOM­ATİK,44.825KM'DE EGEA",539.850 TL,"13 Ocak
2023","Kastamonu
Merkez"
673,TOYOTA PLAZA KUZEN -- 2022 EGEA 1.4 FİRE EASY ( 18.025 KM ),449.000 TL,"13 Ocak
2023","Balıkesir
Edremit"
674,NURCAR AUTO DAN 2019 MODEL 1.3 MULTİJET EASY EGEA HATASIZ,429.750 TL,"13 Ocak
2023","İstanbul
Esenyurt"
675,HATASİZ - KM de 85 krş -İLK SAHİBİNDEN,548.000 TL,"13 Ocak
2023","Bursa
Yıldırım"
676,2018-EGEA-BOYA­SZ-HATASZ-HASR KAYTSZ-120.000 KM-EXPERTİZ RAPORLU-,397.500 TL,"13 Ocak
2023","Gaziantep
Şehitkamil"
677,Acil ihtiyaçtan satılık Fiat egea,435.000 TL,"13 Ocak
2023","Kastamonu
Cide"
678,KIRMIZI AUTO'DAN 2o16 FIAT EGEA 1.6 M.jet LOUNGE OTOMATİK VİTES,407.500 TL,"13 Ocak
2023","Gaziantep
Şehitkamil"
679,Sahibinden hatasız boyasız,348.750 TL,"13 Ocak
2023","Yalova
Çınarcık"
680,ACİL SATILIK HATASIZ BOYASIZ DEĞİŞENSİZ 2019 1.3 EGEA 85 BİN KM,426.500 TL,"13 Ocak
2023","Sivas
Zara"
681,HATASIZ BOYASIZ 7.350 KM LANSMAN RENGİ 1.4 BENZİNLİ,469.500 TL,"13 Ocak
2023","İstanbul
Sancaktepe"
682,UZUNDAĞ OTOMOTİV'DEN RENT A CAR KASKOLU KİRALIK ARAÇLAR,350 TL,"13 Ocak
2023","Konya
Kulu"
683,2018 MODEL EGEA 1.3 MULTİJET EASY STİL HATASIZ BOYASIZ 60.000 KM,425.750 TL,"13 Ocak
2023","Kocaeli
Gebze"
684,SAHİBİNDEN HATASIZ BOYASIZ TRAMERSİZ,610.000 TL,"13 Ocak
2023","Konya
Selçuklu"
685,2022 MODEL FİAT EGEA URBAN HATASIZ+BOYAS­IZ+TRAMERSİZ,575.900 TL,"14 Ocak
2023","İstanbul
Çekmeköy"
686,İLK SAHİBİNDEN 9 BİN DE,520.000 TL,"13 Ocak
2023","Ankara
Yenimahalle"
687,CSC GRUP 2018 MODEL 76000 KM PLUS PAKET SERVİS BAKIMLI,406.900 TL,"14 Ocak
2023","Düzce
Merkez"
688,FİAT EGEA 1.3 DİZEL MANUEL MULTİJET 2017 MODEL % 18 KDV Lİ DAHİL,320.000 TL,"13 Ocak
2023","Kayseri
Kocasinan"
689,ACIBADEM OTODAN-2019 FİAT EGEA 1.4 LPG Lİ EASY 110.126 KM DE,362.000 TL,"13 Ocak
2023","Konya
Karatay"
690,Otokoç Avrupa'dan 2021 Dizel Manuel Egea,505.500 TL,"13 Ocak
2023","İstanbul
Sarıyer"
691,SAHİBİNDEN DİZEL OTOMATİK 160.000 KM DE,399.000 TL,"13 Ocak
2023","Ankara
Keçiören"
692,*81.000 TL PEŞİNATLA*2018 MODEL*FIAT EGEA EASY 1.3 MJET 95 HP*,346.500 TL,"13 Ocak
2023","İstanbul
Ataşehir"
693,"""120.750 TL PEŞİNAT İLE"" 2019 EGEA 1.3 MULTIJET EASY 95 HP
Yetkili Bayi",405.000 TL,"13 Ocak
2023","İzmir
Gaziemir"
694,Otokoç 2.EL Eskişehir'den 2019 FIAT EGEA EASY STİL 1.3MJET 95 HP,519.500 TL,"13 Ocak
2023","Eskişehir
Tepebaşı"
695,ÇALIŞIR YÜRÜR 2020 FİAT EGEA 1.3 MULTİJET EASY,295.750 TL,"13 Ocak
2023","İstanbul
Kartal"
696,*** HATASIZ KOLAY KREDİ İMKANI İLE 2021 FİAT EGEA ****,474.750 TL,"13 Ocak
2023","İstanbul
Tuzla"
697,Masrafsız tramersiz lounge...,425.000 TL,"13 Ocak
2023","Erzurum
Yakutiye"
698,Otokoç 2.El Bursa Nilüfer'den 2022 Dizel Otomatik Fiat Egea,620.250 TL,"14 Ocak
2023","Bursa
Nilüfer"
699,HATASIZ 130BİNDE URBAN,433.000 TL,"13 Ocak
2023","Bursa
Yıldırım"
700,HATASIZ BOYASIZ 2020 TESCİLLİ 1.6 DİZEL OTOMATİKURBAN PLUS FULL,458.500 TL,"13 Ocak
2023","Ankara
Etimesgut"
701,Hatasız Boyasız Servis Bakımlı %18 Faturalı 10 Bin Km,563.500 TL,"13 Ocak
2023","Kütahya
Merkez"
702,2018-20 MODEL KİRALIK EGEA DİZEL OTOMATİK SÜPER OTO KİRALAMA'dan,350 TL,"13 Ocak
2023","Ankara
Çankaya"
703,Sahibinden bakımlı masrafsız OTOMATİK DİZEL,432.500 TL,"13 Ocak
2023","Kocaeli
Körfez"
704,"TANOTO 2.ELDEN 2019 OTOMATİK EGEA 12 AY %0,48 DEN BAŞLAYAN KREDİ",482.500 TL,"14 Ocak
2023","Ankara
Akyurt"
705,"1,96 Faiz Oranı İle Egea 1.3 MultiJet Easy",401.500 TL,"13 Ocak
2023","Adana
Yüreğir"
706,2019 EGEA 1.3 MULTİJET HATASIZ BOYASIZ,440.000 TL,"13 Ocak
2023","İzmir
Torbalı"
707,2021 MODEL MAKYEJLI YENİ KASA BOYASIZ HATASIZ TRAMERSİZ DİZEL,511.500 TL,"13 Ocak
2023","Gaziantep
Şehitkamil"
708,DOKTOR İLK SAHİBİNDEN HATASIZ-BOYASIZ-DE ĞİŞENSİZ-TRAMERSİZ EGEA,423.000 TL,"13 Ocak
2023","Ankara
Etimesgut"
709,UKG MOTORS DAN 2019 EGEA EASY 1.4 FIRE 93.000 KM,390.000 TL,"13 Ocak
2023","İstanbul
Kadıköy"
710,2021 Y. LOGO LPG'Lİ HATASIZ BOYASIZ FİAT EGEA 1.4 FİRE EASY PLUS,447.000 TL,"13 Ocak
2023","İzmir
Torbalı"
711,,,,
712,SAHİBİNDEN 2023 ÇIKIŞLI 1.3 MULTİJET EASY %18 KDV Lİ,542.500 TL,"13 Ocak
2023","İstanbul
Sancaktepe"
713,2018 MODEL 1.3 MULTİJET DİZEL FIAT EGEA EASY PAKET,285.000 TL,"13 Ocak
2023","İstanbul
Esenyurt"
714,SAĞLAM MOTORSDAN URBAN PLUS- BOYASIZ- EN FULL - GARANTİLİ,475.000 TL,"13 Ocak
2023","Çankırı
Merkez"
715,SAHIBINDE HATASIZ BOYASIZ,370.000 TL,"13 Ocak
2023","Konya
Meram"
716,BOYASIZ - 2017 FİAT EGEA 1.3 M JET HATASIZ 77000 KM DE,417.000 TL,"13 Ocak
2023","Hatay
Antakya"
717,FİAT EGEA 2018 1.3 DİZEL EASY PAKET ACİL SATILIK İLANDAYİZ,319.500 TL,"13 Ocak
2023","Manisa
Turgutlu"
718,2019 MODEL HATASIZ BOYASIZ EMSALSIZ 77.000 KM URBAN EGEA,469.500 TL,"13 Ocak
2023","Ankara
Altındağ"
719,"DİZEL OTOMATİK FİAT EGEA KARTAL , MALTEPE , PENDİK",390 TL,"13 Ocak
2023","İstanbul
Kartal"
720,2018 ÇIKIŞLI TERTEMİZ AİLE ARACIDIR,362.000 TL,"13 Ocak
2023","İzmir
Bornova"
721,"2019 MODEL 1,6 DİZEL OTOMATİK URBAN PLUS EGEA 157500 KM",429.500 TL,"13 Ocak
2023","Ankara
Yenimahalle"
722,2018 EGEA SD 1.6 MJET 120 HP EASY DCT 129.000 KM DEĞİŞENSİZ,435.000 TL,"13 Ocak
2023","İstanbul
Kağıthane"
723,TERTEMİZ BAKIMLI FİAT EGEA 1.3MULTİJET URBAN GÖRÜNÜM EXTRALI,347.500 TL,"13 Ocak
2023","Eskişehir
Odunpazarı"
724,Fiyat ega cross,580.000 TL,"13 Ocak
2023","Diyarbakır
Bağlar"
725,"ERMAT2 ÇİĞLİ 2018 EGEA EASY 1.3 MJET 95 BG
Yetkili Bayi",398.500 TL,"13 Ocak
2023","İzmir
Çiğli"
726,EASY PLUS EXTRALI,525.000 TL,"13 Ocak
2023","Düzce
Merkez"
727,FİAT EGEA URBAN 1.4 95 HP 2022 MODEL,505.000 TL,"13 Ocak
2023","Hatay
İskenderun"
728,Temiz askeri personelden 2020 model egea,452.000 TL,"13 Ocak
2023","İzmir
Çiğli"
729,Egea cross,850.000 TL,"13 Ocak
2023","İstanbul
Tuzla"
730,2019_MODEL_FİAT_E­GEA_1.6_M.JET_EASY­_SADECE_38_DE_%18 FATURALIDIR,480.750 TL,"14 Ocak
2023","İstanbul
Sancaktepe"
731,MES AUTO'DAN 2021 FİAT EGEA 1.3 MJET 38.000 KM BOYA-DEĞİŞEN YOK,505.000 TL,"13 Ocak
2023","Gaziantep
Şehitkamil"
732,2021 FİAT EGEA 1.3 MULTİJET EASY PLUS %18 FATURA,565.000 TL,"13 Ocak
2023","İstanbul
Maltepe"
733,2017 EGEA 1.6 MULTİJET COMFORT OTOMATİK SERVİS BAKIMLI TEMİZ,433.900 TL,"13 Ocak
2023","İstanbul
Bağcılar"
734,BADAY**DAN HATASIZ TRAMERSİZ 23BİN KM GARANTİLİ EKSTRALI EGEA !!,465.000 TL,"13 Ocak
2023","Manisa
Turgutlu"
735,HATASIZ 2020 FİAT EGEA,468.000 TL,"13 Ocak
2023","İzmir
Bergama"
736,sahibinden egea urban,515.000 TL,"13 Ocak
2023","Gaziantep
Şehitkamil"
737,SIFIR AYARİNDA EGEA...,655.000 TL,"13 Ocak
2023","İstanbul
Kağıthane"
738,Sahibinden temiz 1.6 Loung egea,370.000 TL,"13 Ocak
2023","İstanbul
Arnavutköy"
739,2022 MODEL FİAT EGEA EASY PLUS BOYASIZ HATASIZ,481.500 TL,"13 Ocak
2023","İzmir
Bayraklı"
740,İKİZOĞLU'DAN FİAT EGEA 1.3 MULTİJET HATASIZ 43.000 KM GARANTİLİ,472.500 TL,"13 Ocak
2023","Bursa
Nilüfer"
741,2022 sıfır km fiat egea 1.4 fire easy,465.000 TL,"13 Ocak
2023","İstanbul
Bayrampaşa"
742,Orient - Kiralık Fiat Egea 2022 Otm. Dizel Urban Plus,493 TL,"13 Ocak
2023","İstanbul
Şişli"
743,2017 model hatasız boyasız 120 HP,380.000 TL,"13 Ocak
2023","Elazığ
Merkez"
744,EGEDE TEK 2018 SONU EASY PLUS BU TEMIZLIKTE BU FIYATA BASKA YOK,415.000 TL,"13 Ocak
2023","İzmir
Karşıyaka"
745,ABC RENAULT2 GÜVENCESİYLE 2021MODEL EGEA SEDAN 1.4FİRE EASY 95BG,460.900 TL,"13 Ocak
2023","İstanbul
Kağıthane"
746,CARWİND FİAT EGEA 1.6multijet OTOMATİK,480.000 TL,"13 Ocak
2023","İstanbul
Ataşehir"
747,Kazasız temiz servis bakımlı,390.000 TL,"13 Ocak
2023","İstanbul
Bahçelievler"
748,2019 MODEL FİAT EGEA EASY OTOMATİK 64.000KM,490.000 TL,"14 Ocak
2023","Antalya
Alanya"
749,ŞAH FİLODAN KALİTELİ HİZMET ANLAYIŞIYLA,300 TL,"13 Ocak
2023","Gaziantep
Şehitkamil"
750,"POŞETLERİ ÜZERİNDE, Satışa Hazır",590.000 TL,"13 Ocak
2023","Kocaeli
Çayırova"
751,2019 EGEA 1.6 E Torq EASY OTOMATIK,469.500 TL,"13 Ocak
2023","İzmir
Konak"
752,AKAN RENT A CAR /DAN DİZEL MANUEL EGEA/LAR 199TL,199 TL,"13 Ocak
2023","İstanbul
Bahçelievler"
753,KAMPANYALI 3 AY ERTELEMELİ SENETLE %30 PEŞİNAT12 24 36 AY VADELİ,390.950 TL,"13 Ocak
2023","İstanbul
Ataşehir"
754,HATASIZ KAYITSIZ OTOMATİK,419.000 TL,"13 Ocak
2023","Antalya
Muratpaşa"
755,"ÖZHAMURKAR-ORJİNAL 2019 FIAT EGEA 1.4 FİRE EASY 95 HP 31,000 KM",435.000 TL,"14 Ocak
2023","İstanbul
Kartal"
756,YK AUTODAN HATASIZ BOYASIZ EASY PLUS,405.000 TL,"13 Ocak
2023","Gaziantep
Şehitkamil"
757,BS MOTORS KİRALAMA 2022 FİAT EGEA BENZİN MANUEL,450 TL,"13 Ocak
2023","İstanbul
Avcılar"
758,Hatasız Boyasız Tertemiz Egea,410.000 TL,"13 Ocak
2023","Ankara
Çankaya"
759,2016 FİAT EGEA URBAN 1.3 M JET 95 HP DİZEL,325.500 TL,"13 Ocak
2023","İstanbul
Pendik"
760,Otokoç 2.El İstanbul İstinye Şubesi' nden 2019 Egea EasyOtomatik,480.000 TL,"13 Ocak
2023","İstanbul
Sarıyer"
761,Fiat Egea Sedan 1.3 MultiJet Easy,392.900 TL,"13 Ocak
2023","İstanbul
Sarıyer"
762,ACR OTOKAR BAYİSİNDEN 2019 EGEA (99BİN KM),410.000 TL,"13 Ocak
2023","Niğde
Merkez"
763,2017 MODEL 172.000 KM DE 1.3EGEA M.JET URBAN HATASIZ,397.500 TL,"13 Ocak
2023","Ankara
Akyurt"
764,KIRMAK'TAN 2022 FIAT EGEA 1.6 MJET EASY DCT 95HP 19.700KMBOYASIZ,620.000 TL,"13 Ocak
2023","İstanbul
Kartal"
765,fiat egea orjinal,690.000 TL,"13 Ocak
2023","Düzce
Kaynaşlı"
766,NAİFOGLU AUTO 2022 FİAT EGEA URBAN HATASIZ +18 JANT,515.000 TL,"13 Ocak
2023","İzmir
Gaziemir"
767,Acil satılık 17.000km sıfır ayarında,456.000 TL,"13 Ocak
2023","İstanbul
Başakşehir"
768,OTOKOÇ DENİZLİ'DEN FİAT EGEA 1.6 MJET EASY DCT,445.000 TL,"14 Ocak
2023","Denizli
Merkezefendi"
769,2021 LOUNGE II (PLUS+GUVENLIK PAKET) EGEA 1.6 DIZEL 130HP,718.500 TL,"13 Ocak
2023","Bursa
Osmangazi"
770,BOYASIZ HATASIZ 2020 MODEL FİAT EGEA 1.3 MULTİJET,479.900 TL,"13 Ocak
2023","Adana
Seyhan"
771,TEMİZ EGEA,330.000 TL,"13 Ocak
2023","Tekirdağ
Süleymanpaşa"
772,Otonom'dan 2022 Model Fiat Egea Urban 1.6 Otomatik Hatasız,660.900 TL,"13 Ocak
2023","İstanbul
Ataşehir"
773,YILMAZ AUTODAN 2022 FİAT EGEA 13.000 KM DE HATASIZ TRAMERSİZ,470.000 TL,"13 Ocak
2023","Şanlıurfa
Haliliye"
774,2022/EGEA/CROSS/1.4/­URBAN/HATASIZ/EMSALİ FABRİKADA !!!!,585.000 TL,"13 Ocak
2023","Erzurum
Yakutiye"
775,2023 Çıkışlı FIAT Egea 1.4 Fire Urban Manuel Tertemiz,520.000 TL,"13 Ocak
2023","Ankara
Çankaya"
776,2020 Fiat egea hatasız boyasız,445.000 TL,"13 Ocak
2023","Osmaniye
Toprakkale"
777,GÜNER'DEN 2022 FİAT EGEA 1.4 FREE URBAN 95 HP,505.000 TL,"13 Ocak
2023","Bingöl
Merkez"
778,son derece temizlikte fiat egea urban 1.3 dizel,395.000 TL,"13 Ocak
2023","İstanbul
Arnavutköy"
779,2022*6001*KM FİAT EGEA 1.4 FİRE EASY PLUS BOYASIZ MANUEL,476.000 TL,"13 Ocak
2023","İstanbul
Bahçelievler"
780,TOYOTA PLAZA TOYMAR'DAN FIAT EGEA 1.3 MULTIJET EASY,535.000 TL,"14 Ocak
2023","Kahramanmaraş
Dulkadiroğlu"
781,Utku Autodan Hatasız 2020 Model Egea Urban Pluss,477.500 TL,"13 Ocak
2023","Tekirdağ
Muratlı"
782,YAREN OTODAN KAZASIZ DEGISENSIZ,405.500 TL,"13 Ocak
2023","Ankara
Yenimahalle"
783,"SİNET OTOMOTİV,DEN DİZEL OTOMATİK COMFORT EGEA",355.500 TL,"13 Ocak
2023","Hatay
İskenderun"
784,Otokoç 2.El Samsun Tekkeköy'den 2022 Dizel Otomatik Fiat Egea,620.250 TL,"14 Ocak
2023","Samsun
Tekkeköy"
785,BEKTAŞ OTOMOTİV-2021 MODEL-FİAT EGEA-1.4 FİRE-EASY PLUS-BOYASIZ,478.000 TL,"14 Ocak
2023","Çanakkale
Biga"
786,sonderece temizlikte fiat egea urban 1.3 dizel urban,395.000 TL,"13 Ocak
2023","İstanbul
Arnavutköy"
787,2022 FİAT EGEA 1.4 FİRE URBAN BOYA DEĞİŞEN HASAR KAYDI YOK,522.900 TL,"13 Ocak
2023","Bursa
Yıldırım"
788,AYBERKTEN EMSALSİZ TEMİZLİKTE 2018MODEL 71.800KM OTOMATİK URBAN,457.500 TL,"13 Ocak
2023","Tekirdağ
Çorlu"
789,Otokoç 2.El Samsun Tekkeköy 2021 Benzin Manuel Fiat Egea Cross,511.250 TL,"14 Ocak
2023","Samsun
Tekkeköy"
790,2016 Egea Urban Motor İçi Yanık Plakalı,174.000 TL,"13 Ocak
2023","İzmir
Urla"
791,Fiat Egea Sedan 1.6 MultiJet Easy DCT,516.900 TL,"14 Ocak
2023","İzmir
Bornova"
792,Sahibinden 2022 Egea Cross Hybrid Urban,805.000 TL,"13 Ocak
2023","İstanbul
Kadıköy"
793,2019 MODEL FİAT EGEA EASY DİZEL MANUEL BAKIMLI FATURALI,392.000 TL,"13 Ocak
2023","İstanbul
Ümraniye"
794,119.000TL Peşinat 48Ay Kredi 2018 Egea 1.3 Multijet İlk Elden,354.000 TL,"13 Ocak
2023","Manisa
Şehzadeler"
795,''GÖKBAY'dan 2016 Egea 1.6 MultiJet Lounge 96km'de''TAKAS OLUR'',435.000 TL,"13 Ocak
2023","İstanbul
Esenler"
796,2021 FİAT EGEA 1.3MULTİJET EASY,425.500 TL,"13 Ocak
2023","Antalya
Kepez"
797,2022 model hayalet ekranli urban egea,535.000 TL,"13 Ocak
2023","Bursa
Nilüfer"
798,2023 ÇIKIŞLI EGEA 1.3 DİZEL,585.900 TL,"13 Ocak
2023","İstanbul
Bayrampaşa"
799,,,,
800,"Auto Kılınç 2017 Egea Urban 1,3 M.Jet Full Bakımlı",414.000 TL,"13 Ocak
2023","Hatay
Antakya"
801,2017 hatasız,375.000 TL,"13 Ocak
2023","Adana
Seyhan"
802,EGEA 1.3 MULTİJET,420.000 TL,"13 Ocak
2023","Denizli
Merkezefendi"
803,INTERCITY ANKARA'DAN FIAT EGEA EASY 1.6 M.JET 120 HP DCT,410.000 TL,"13 Ocak
2023","Ankara
Etimesgut"
804,2022 Urban 9 bin de garantili garaj aracı,495.000 TL,"13 Ocak
2023","Malatya
Battalgazi"
805,"ORİJİNAL, DEĞİŞENSİZ, BOYASIZ, FIAT EGEA 1.4 EASY 23.000 KM'DE",455.000 TL,"13 Ocak
2023","Bursa
Nilüfer"
806,ÇOK TEMİZ EGEA,413.500 TL,"13 Ocak
2023","İstanbul
Esenyurt"
807,HATASIZ BOYASIZ TRAMER SİZ FIAT EGEA HATCBAK,429.000 TL,"13 Ocak
2023","Antalya
Alanya"
808,GÖRTAN GÜVENCESİYLE 2019 URBAN 1.6 DİZEL OTM 78.000 DE ORJİNAL,539.900 TL,"13 Ocak
2023","Kocaeli
Gebze"
809,"2017 FIAT EGEA 1,3MULTIJET URBAN PAKET 161000KM",366.500 TL,"13 Ocak
2023","Bursa
Osmangazi"
810,BAKIMLI TERTEMİZ 89.500KM,421.500 TL,"13 Ocak
2023","Giresun
Bulancak"
811,Sahibinden hatasız,485.000 TL,"13 Ocak
2023","Hatay
Samandağ"
812,62.000'KMDE+HATAS­IZ+BOYASIZ+TABLET EKRAN+DİZEL+O­TOMATİK+120HP,569.750 TL,"13 Ocak
2023","İstanbul
Eyüpsultan"
813,İLK SAHİBİNDEN EGEA CROSS 1.6 DCT LOUNGE,790.000 TL,"13 Ocak
2023","İstanbul
Beyoğlu"
814,FİAT EGEA 2018 MODEL 1.3 MULTİJET EASY STİL ORJİNAL 51.BİN KM DE,432.500 TL,"14 Ocak
2023","İstanbul
Küçükçekmece"
815,BARLAS AUTO-EGEA-LOUNGE-2o­17-Sadece111.oookm -OTOMATİK-DİZEL-1.6,450.000 TL,"13 Ocak
2023","İstanbul
Maltepe"
816,OTO İSTANBUL'dan ARACINI YENİLEMEK İSTEYENLER İÇİN...,545.000 TL,"13 Ocak
2023","İstanbul
Bağcılar"
817,YETKİLİ SERVİS BAKIMLI HATASIZ EGEA CROSS,552.000 TL,"13 Ocak
2023","Ankara
Gölbaşı"
818,2019 MODEL FİAT EGEA 1.3 Multijet EASY ORJİNAL 119.000 KM'de!!!!,345.000 TL,"13 Ocak
2023","İstanbul
Kadıköy"
819,110.000 de orjinal km temiz kulanılmış 4 lastik sıfr takılmıştır,363.000 TL,"13 Ocak
2023","Antalya
Konyaaltı"
820,sahibinden temiz egea,495.000 TL,"13 Ocak
2023","Diyarbakır
Bağlar"
821,SAHİBİNDEN 1001KMDE NOKTA HATASIZ GARAJ ARABASI CROSS LANSMAN,545.000 TL,"13 Ocak
2023","Ankara
Yenimahalle"
822,ACIL SATILIK SAHIBINDEN,430.000 TL,"13 Ocak
2023","İzmir
Menemen"
823,yeni sahibini bekliyor,310.000 TL,"13 Ocak
2023","Kocaeli
İzmit"
824,SIFIR KOKULU TERTEMİZ SİĞARA DAHİL GÖRMEMİŞ,579.000 TL,"13 Ocak
2023","İstanbul
Gaziosmanpaşa"
825,Hatasız dan TEK FARKİ İKİ PARCA BOYALI OLMASI,335.000 TL,"13 Ocak
2023","Hatay
Kırıkhan"
826,NOKTA HATASIZ BOYASIZ ÇİZİKSİZ,519.000 TL,"13 Ocak
2023","Gaziantep
Şehitkamil"
827,Sahibinden Orijinal Egea,456.000 TL,"13 Ocak
2023","Bursa
Osmangazi"
828,SAHİBİNDEN ORJİNAL 2019 URBAN PLAS EGEA,428.200 TL,"13 Ocak
2023","İzmir
Ödemiş"
829,red kırmızı,515.000 TL,"13 Ocak
2023","Samsun
Canik"
830,ACİL. TEMİZ ORJİNAL EGEA,405.000 TL,"13 Ocak
2023","Antalya
Konyaaltı"
831,SAHİBİNDEN SATILIK HATASIZ TRAMERSİZ FİAT EGEA 1.6 DİZEL,539.000 TL,"13 Ocak
2023","Ankara
Mamak"
832,2022 FİAT EGEA URBAN 1.3 MULTİJET.,630.000 TL,"13 Ocak
2023","Sakarya
Erenler"
833,2020 MODEL !!!HATASIZ BOYASIZ!!! 134.000KM FİAT EGEA 1.4 EASY,404.000 TL,"13 Ocak
2023","Afyonkarahisar
Merkez"
834,2022 MODEL FİAT EGEA URBAN FULL+FULL LED PAKET ARACIMIZ 5 BİNDE,510.000 TL,"13 Ocak
2023","Şanlıurfa
Siverek"
835,Otoparkta seni bekliyor,384.000 TL,"13 Ocak
2023","İstanbul
Güngören"
836,BAKIMLI 2017 FIAT EGEA 1*3 EASY 95HP YENİ MUAYENELİ,278.500 TL,"13 Ocak
2023","İstanbul
Bayrampaşa"
837,SAHİBİNDEN TRAMERSİZ 2022 HAZİRAN ÇIKIŞLI EGEA,550.000 TL,"13 Ocak
2023","İzmir
Karşıyaka"
838,2019 EGEA 1.6 MULTİJET DÜŞÜK KM HATASIZ FIRSAT ARACI,453.000 TL,"13 Ocak
2023","İstanbul
Bağcılar"
839,SG GROP CARRENTALDAN 2021 EGEA,400 TL,"13 Ocak
2023","Antalya
Konyaaltı"
840,2018- BOYA-DEĞİŞEN YOK-BODY KİT-XENON-SPOİLER-­DİFÜZÖR-TEL-SENSÖR,474.000 TL,"12 Ocak
2023","İstanbul
Beylikdüzü"
841,2. SAHİBİNDEN DÜŞÜK KM,559.000 TL,"12 Ocak
2023","İstanbul
Kartal"
842,HATASIZ BOYASIZ DEĞİŞENSİZ,432.000 TL,"12 Ocak
2023","Kars
Akyaka"
843,!!!MFMDEN FIRSAT ARAÇI HATASIZ ORGİNAL EGEA ***,393.500 TL,"12 Ocak
2023","Diyarbakır
Kayapınar"
844,MEMURDAN SATILIK GARANTİLİ SERVIS BAKIMLI,520.000 TL,"12 Ocak
2023","Ordu
Altınordu"
845,BAYANDAN DEĞİŞENSİZ TRAMERSİZ TERTEMİZ EGEA,365.000 TL,"12 Ocak
2023","İzmir
Karaburun"
846,110 Bin Peşin. %18 Faturalı Egea Dizel,324.900 TL,"12 Ocak
2023","Düzce
Merkez"
847,memurdan çok temiz sıfır ayarinda,418.000 TL,"12 Ocak
2023","Kars
Merkez"
848,SAHİBİNDEN HATASIZ BOYASIZ,415.000 TL,"12 Ocak
2023","Kayseri
Melikgazi"
849,2019 EGEA URBAN 1.6 M.JET OTOMATİK 77 BİN KM'DE SERVİS BAKIMLI,520.000 TL,"12 Ocak
2023","İstanbul
Sancaktepe"
850,2023 çıkışlı egea cross,550.000 TL,"12 Ocak
2023","Bursa
İznik"
851,Sahibinden temiz EGEA,458.500 TL,"12 Ocak
2023","Erzurum
Yakutiye"
852,2016 FİAT EGEA URBAN,325.000 TL,"12 Ocak
2023","Adana
Çukurova"
853,FIRSAT ARACI !! 2020 MODEL EGEA 1.3EASY HATASIZ HEMEN TESLİM,419.000 TL,"12 Ocak
2023","Samsun
İlkadım"
854,GÜZELLER OTOMOTİV - HATASIZ - 11 BİN KM - URBAN,485.000 TL,"12 Ocak
2023","Yozgat
Akdağmadeni"
855,DMK FİLO'DAN / 2021 EGEA MANUEL / 12 AYLIK KİRALAMA AVANTAJLARI,9.999 TL,"12 Ocak
2023","Ankara
Çankaya"
856,2017 MODEL URBAN GÖRÜNÜMLÜ FİAT EGEA,317.500 TL,"12 Ocak
2023","Samsun
İlkadım"
857,A&N MOTORSDAN 2020 EGEA LED FAR CARPLAY,512.750 TL,"12 Ocak
2023","İstanbul
Başakşehir"
858,SAHİBİNDEN 2019TEMİZ FİAAT EGEA,399.000 TL,"12 Ocak
2023","Kayseri
Melikgazi"
859,HATASIZ BOYASIZ EGEA,475.000 TL,"12 Ocak
2023","Samsun
Atakum"
860,2019 urban Plus,418.500 TL,"12 Ocak
2023","Kayseri
Melikgazi"
861,"FIAT EGEA CROSS , 400 ₺ DEN BAŞLAYAN FİYAT, RENT A CAR KASKOLU",800 TL,"12 Ocak
2023","Ankara
Çankaya"
862,2019 FİAT EGEA 1.3 MULTİJET URBAN PLUS TAKSİ ÇIKMASI MUAYENELİ,271.500 TL,"12 Ocak
2023","İstanbul
Ataşehir"
863,Temiz Egea,445.000 TL,"12 Ocak
2023","İstanbul
Pendik"
864,ÖZŞEN OTOMOTİVDEN BOYASIZ HATASIZ 1.4 EASY STİL,450.000 TL,"12 Ocak
2023","Gaziantep
Nurdağı"
865,2022 MODEL FİAT EGEA CROSS 1.4 STREET NOKTA HATASIZ,565.000 TL,"12 Ocak
2023","Kayseri
Kocasinan"
866,ADK GROUP 'DAN //HATASIZ / BOYASIZ / EASY PLUS 20.000 KM DE,479.750 TL,"12 Ocak
2023","İstanbul
Büyükçekmece"
867,NAZAR DAN 1.3 SIFIR AYARINDA ORJUNAL ANINDA KREDİ İMKANI,355.000 TL,"12 Ocak
2023","Gaziantep
Şehitkamil"
868,EMEKLİ MEMURDAN TEMİZ EGAYA2017 TRAFİK ÇIKIŞLI,335.000 TL,"12 Ocak
2023","Gaziantep
Şehitkamil"
869,2021 MODEL SADECE SIFIR 11.000 KM EASY PAKET KOL DAYAMA+K.KOLTUK,459.000 TL,"12 Ocak
2023","Yozgat
Sorgun"
870,Memurdan tertemiz egea hata boya değişen yok,410.000 TL,"12 Ocak
2023","Eskişehir
Tepebaşı"
871,Hatasız boyasız tramersiz,420.000 TL,"12 Ocak
2023","Siirt
Merkez"
872,SAHİBİNDEN TEMİZ ARAÇ,615.000 TL,"12 Ocak
2023","Muğla
Marmaris"
873,Temiz aile aracı,370.000 TL,"12 Ocak
2023","Malatya
Yeşilyurt"
874,HATASIZ_BOY­ASIZ_LPG'Lİ 7.000_KM_ AKSESUARLI_U­RBAN_CROSS_,567.000 TL,"12 Ocak
2023","Manisa
Salihli"
875,FİAT EGEA SEDAN 1.6 M.JET URBAN PLUS OTOMATİK 120HP %18 FATURALI,515.900 TL,"12 Ocak
2023","İstanbul
Sultangazi"
876,Sahibinden Full servis bakımlı tertemiz araç,563.000 TL,"12 Ocak
2023","Bursa
İnegöl"
877,2020 HATASIZ EGEA 38.000 KM. NOKTA ÇİZİK YOK /// SAAT GİBİ,428.000 TL,"12 Ocak
2023","İstanbul
Esenyurt"
878,Tertemiz uygun araç,750.000 TL,"12 Ocak
2023","Antalya
Alanya"
879,Mab Otomotiv'den Fiat Egea 1.3 Multijet,345.000 TL,"12 Ocak
2023","Kayseri
Kocasinan"
880,memurdan tertemiz değişensiz boyasız aile aracı,525.000 TL,"12 Ocak
2023","Ankara
Keçiören"
881,2021 FiAT EGEA 1.3 M.JET EURO 95 EASY BOYASIZ HATASIZ 45 BİN KM,482.750 TL,"12 Ocak
2023","Konya
Selçuklu"
882,VAVACARS'TAN GARANTİLİ 2021 FIAT EGEA-EASY,469.000 TL,"13 Ocak
2023","İstanbul
Maltepe"
883,FIAT EGEA 1.4 FİRE EASY,447.500 TL,"12 Ocak
2023","İstanbul
Esenyurt"
884,HATASIZ 2020 MODEL FİAT EGEA ERBAN PLUS 24 BİN KM'DE,464.000 TL,"12 Ocak
2023","Bilecik
Merkez"
885,Sahibinden sıfıra denk araç,522.500 TL,"12 Ocak
2023","İstanbul
Kartal"
886,FIAT EGEA CROSS 1.4 URBAN 2022 OCAK ÇIKIŞLI 14000 KM,539.000 TL,"12 Ocak
2023","Muğla
Bodrum"
887,2016 MODEL EGEA,330.000 TL,"12 Ocak
2023","İstanbul
Sultanbeyli"
888,TERTEMİZ MASRAFSIZ EURO 6 SIFIR MOTOR 1.3 MULTİJET URBAN,285.000 TL,"12 Ocak
2023","İstanbul
Maltepe"
889,HATASIZ BOYASIZ 6.500KM SIFIR KOKULU,506.000 TL,"12 Ocak
2023","Antalya
Kepez"
890,2021 MODEL BOYASIZ DEĞİŞENSİZ TRAMERSİZ SERVİS BAKIMLI EGEA,455.000 TL,"12 Ocak
2023","Osmaniye
Kadirli"
891,Satılık Manuel Boyasız Degisensiz Arac..,480.000 TL,"12 Ocak
2023","Siirt
Merkez"
892,FİAT EGEA 1.4 EASY PLUS 2022/12 ARALIK SONU BAYİ ÇIKIŞLI,520.000 TL,"12 Ocak
2023","Samsun
Çarşamba"
893,UZUN OTOMOTİV'DEN EGEA,505.000 TL,"12 Ocak
2023","Denizli
Pamukkale"
894,2022 model hiç kullanılmamış 1.6 dizel otomatik egea,659.000 TL,"12 Ocak
2023","Mersin
Tarsus"
895,,,,
896,HACIOĞLU'DAN HATASIZ BOYASIZ 2016 EGEA URBAN,428.000 TL,"12 Ocak
2023","Manisa
Akhisar"
897,2020 MODEL TAMAMINA YAKIN KREDİ 1.3 DİZEL,290.000 TL,"12 Ocak
2023","Adana
Seyhan"
898,OĞUZ OTOMOTİV'DEN 2021 FİAT EGEA EASY 1.6 130 HP DİZEL/BOYASIZ,510.000 TL,"12 Ocak
2023","Antalya
Muratpaşa"
899,ANL AUTODAN 2019 FİAT EGEA 1.4 FİRE EASY 86.000KM,382.500 TL,"12 Ocak
2023","Balıkesir
Altıeylül"
900,ACİLL SATILIK CROSS KM 7 BİN,547.000 TL,"12 Ocak
2023","Ağrı
Merkez"
901,SAYLAM 2022 EGEA 1.4 EASY PLUS 95HP-18KDV-TABLET EKRAN HATASIZ,495.000 TL,"12 Ocak
2023","Trabzon
Akçaabat"
902,HATASIZ SERVİS BAKIMLI,487.000 TL,"12 Ocak
2023","Trabzon
Ortahisar"
903,GARAJ 1919 2017 FİAT EGEA EASY PAKET 180 binde,332.500 TL,"12 Ocak
2023","Samsun
İlkadım"
904,2021 hatasiz 12000 km,550.000 TL,"13 Ocak
2023","Ankara
Çankaya"
905,2016 MODEL 1.3 DİZEL EASY PAKET SON GÜN YETİŞEN ALIRR,280.000 TL,"13 Ocak
2023","İstanbul
Beylikdüzü"
906,ÇOBANOĞLUN DAN KUSURSUZ EGEA URBAN 2017 1.6 MULTİJET 120 BG,310.750 TL,"12 Ocak
2023","İstanbul
Ümraniye"
907,satılık 2021 egea,457.000 TL,"14 Ocak
2023","İstanbul
Büyükçekmece"
908,Hatasız 2020 model easy stil paket.,485.000 TL,"14 Ocak
2023","Iğdır
Karakoyunlu"
909,Benzin+lpg 2016 urban egea,355.000 TL,"12 Ocak
2023","Kars
Merkez"
910,ACIL SATILIK %18 KDVLI EGEA,325.000 TL,"14 Ocak
2023","Muğla
Bodrum"
911,85 bin km de otomatik,520.500 TL,"12 Ocak
2023","Kocaeli
Çayırova"
912,Sahibinden Egea Lounge 1.4 temiz aile arabası,525.000 TL,"14 Ocak
2023","İstanbul
Arnavutköy"
913,2016 model egea urban,338.000 TL,"12 Ocak
2023","Gümüşhane
Merkez"
914,Sahibinden Egea hacback,498.000 TL,"12 Ocak
2023","Ankara
Keçiören"
915,2020 1.6 multi jet otamatık 65 bınde orjınal,479.000 TL,"12 Ocak
2023","Konya
Kulu"
916,Cross urban en dolusu poşetleri üzerinde,553.000 TL,"14 Ocak
2023","Antalya
Kepez"
917,Bayandan temiz araç,440.000 TL,"12 Ocak
2023","Gaziantep
Şahinbey"
918,Hatasız urban plus,450.000 TL,"14 Ocak
2023","Balıkesir
Ayvalık"
919,50.000 KM FAB.LPG'Lİ SERVİS BAKIMLI HATASIZ,425.000 TL,"12 Ocak
2023","Bingöl
Merkez"
920,ORJİNAL2018 çikisli,400.000 TL,"14 Ocak
2023","İstanbul
Arnavutköy"
921,ARAÇ GARENTİLİDİR,456.000 TL,"14 Ocak
2023","Bursa
Nilüfer"
922,TET MOTORS GÜVENCESİYLE FIAT EGEA 2020 MULTİJET,409.900 TL,"12 Ocak
2023","Balıkesir
Bandırma"
923,BARAN dan Egenin en güzel EGEA sı android multi medya lı,366.500 TL,"12 Ocak
2023","İzmir
Gaziemir"
924,HATASIZ BOYASİZ 2.900 KM DE AMA HASAR KAYITLIDIR,499.750 TL,"12 Ocak
2023","Nevşehir
Merkez"
925,AS&BEL OTOMOTİVDEN HATASIZ DÜŞÜK KM EGEA CROSS,565.000 TL,"12 Ocak
2023","Kastamonu
Cide"
926,SAHİBİNDEN 2023 TESCİL SIFIR GİBİ TERTEMİZ URBAN LED TABLET,512.000 TL,"14 Ocak
2023","İstanbul
Sultangazi"
927,2022 ÇIKIŞLI_DİZEL_EASY PLUS_18BİN KM'DE_HATASIZ_SERVİS BAKIMLI,525.000 TL,"12 Ocak
2023","Ankara
Etimesgut"
928,2020 Sıfır Ayarında Servis Bakımlı 43 binde Boyasız,575.000 TL,"12 Ocak
2023","Mersin
Mezitli"
929,Hatasız-Boyasız Egea 1.4 Fire Urban Plus,450.000 TL,"14 Ocak
2023","Trabzon
Ortahisar"
930,"2018 MODEL SAHİBİNDEN, SIFIR GİBİ FULL BAKIMLI EKSTRALI ARAÇ",387.000 TL,"14 Ocak
2023","İstanbul
Esenler"
931,MEÇ MOTORS 2019 DİZEL OTOMATİK 100 KM EGEA,469.000 TL,"14 Ocak
2023","Denizli
Merkezefendi"
932,OKYANUS KARTALI,570.000 TL,"12 Ocak
2023","İstanbul
Ümraniye"
933,YK'EYMEN'DEN HATASIZ 2020 EGEA 1.4 URBAN PLUS EKRANLI 6 İLERİ,465.900 TL,"12 Ocak
2023","Eskişehir
Odunpazarı"
934,MET OTOMOTİV DEN HATASIZ BOYASIZ,497.500 TL,"14 Ocak
2023","Denizli
Çivril"
935,"154 BİN TL PEŞİNAT,-48 AY VADE İMKANI- 2018 MODEL-FİAT EGEALAR-",388.000 TL,"12 Ocak
2023","Ankara
Beypazarı"
936,Sahibinden yetkili servis bakımlı,415.000 TL,"14 Ocak
2023","Muğla
Milas"
937,Emekli memurdan2020 DİZEL EGEA servis bakımlı DARBESİZ kazasız,446.500 TL,"14 Ocak
2023","Sinop
Merkez"
938,2021 ÇIKIŞLI FİAT EGEA EASY 1.3 M.JET HATASIZ BOYASIZ 74'binKMDE,475.000 TL,"14 Ocak
2023","Denizli
Merkezefendi"
939,2019 MODEL1.6 DİZEL OTOMATİK TEMİZ EGEA KREDİ & ELDEN SENET İLE,469.500 TL,"12 Ocak
2023","İstanbul
Sultangazi"
940,Boyasız Tramersiz Geniş Ekranlı Sahibinden,640.000 TL,"14 Ocak
2023","Bursa
Osmangazi"
941,HATASIZ...2017 ÇIKIŞLI + KAMERALI BÜYÜK EKRAN+ ALAŞIM JANT,434.000 TL,"14 Ocak
2023","Ankara
Akyurt"
942,Dosta gider araç,515.000 TL,"14 Ocak
2023","Ankara
Polatlı"
943,HATASIZ BOYASIZ TRAMERSİZ EGEA,362.000 TL,"12 Ocak
2023","Antalya
Manavgat"
944,SARAY OTOMOTİV 2017 EGEA 1.6 MULTİJET COMFORT DCT HATASIZ,429.950 TL,"12 Ocak
2023","Antalya
Kepez"
945,"LCR MOTORS 2019 FIAT EGEA ""60.000KM"" URBAN PLUS TABLET EKRAN",411.500 TL,"12 Ocak
2023","İstanbul
Başakşehir"
946,Araç yükseltmek için acil satılık,398.000 TL,"14 Ocak
2023","İstanbul
Avcılar"
947,SAHİBİNDEN TEMİZ EGEA MASRAFSIZ,340.000 TL,"14 Ocak
2023","İstanbul
Gaziosmanpaşa"
948,2017 Model Fiat Egea 164 Km Tertemiz Bakımlı Masrafsız,325.000 TL,"12 Ocak
2023","Hatay
İskenderun"
949,KADİR OTOMOTİVDEN-DEĞİŞE­NSİZ-1.3-95HP-EGEA URBAN-10DK KREDİ,409.750 TL,"12 Ocak
2023","Ankara
Sincan"
950,2023 POŞETLERİ ÜZERİNDE 1.6 DİZEL DCT EGEA URBAN CROSS,721.500 TL,"14 Ocak
2023","Kahramanmaraş
Göksun"
951,GALERİ ASLAN 2020/ BOYASIZ / FİAT EGEA 1.4 URBAN PLUS/ 32.000KM,448.750 TL,"12 Ocak
2023","Kocaeli
Körfez"
952,SAHİBİNDEN 2019 TEMİZ HATASIZ EGEA,430.950 TL,"12 Ocak
2023","Kocaeli
Körfez"
953,2022 FIAT EGEA CROSS 1.5 T4 URBAN+ BOYASIZ+SIFIRDAN FARKSIZ,749.000 TL,"12 Ocak
2023","Afyonkarahisar
Merkez"
954,ORJİNAL KM EGEA 1.3 DİZEL,289.000 TL,"12 Ocak
2023","Kocaeli
Darıca"
955,MARAN TİCARETTEN KİRALİK 2019 EGEA URBAN PLUS,375.000 TL,"12 Ocak
2023","İstanbul
Bağcılar"
956,2018 EGEA DÜŞÜK KM DEĞİŞENSİZ KAYITSIZ SERVİS BAKIMLI,369.500 TL,"12 Ocak
2023","İstanbul
Bağcılar"
957,GÜÇ OTOMOTİV DEN 2019 MODEL Fiat Egea 1.3 MultiJet Easy,338.500 TL,"12 Ocak
2023","İstanbul
Gaziosmanpaşa"
958,"OTO2MAX'TAN 1,59 FAİZ ORANI İLE KREDİ AVANTAJI..",455.750 TL,"12 Ocak
2023","İstanbul
Bahçelievler"
959,GÜNLÜK KİRALIK FİAT EGEA MANUEL,550 TL,"13 Ocak
2023","Kocaeli
Darıca"
960,KAZASIZ BİNİCİYE,398.000 TL,"14 Ocak
2023","Sakarya
Arifiye"
